"","AcouOccupancyR","Bioac","Hf","Ht","H","ACI","AEI","M","NDSI","ADI","NPIC","ASA","BN","SNR","AA","CAE","ADAE","RMS","NA","wav"
"1",0.0163353670537296,43.4209046775059,0.963285539365886,0.962890114662536,0.927538123452781,1890.03620783783,0.954545,6.76960964931765e-12,-0.990691810919534,0,1,0.660619073547232,0.00370370370370376,1,0.974414485337532,1,0.38717317638666,6405.46302288113,-1506.86506148664,"Prairie_CivilWar/015116_20150518_000000.wav"
"2",0.00314898641999606,41.0077991912568,0.959448103613038,0.965769627983512,0.92660583809585,1758.57297864156,0.954545,6.57537609373786e-12,-0.984821369414842,0,1,0.351346737856557,0.00370370370370376,0.957446976385878,0.712458177524109,1,0.130908417788884,2160.62893272891,-27.7254846220362,"Prairie_CivilWar/015116_20150518_010000.wav"
"3",0.00177130486124779,40.1309963766312,0.96523853904652,0.965825501914847,0.932251996442159,1802.27703157322,0.954545,7.3660201783013e-12,-0.9897206414267,0,1,0.445222245404122,0.00370370370370376,0.996887685500043,0.888801417043889,1,0.154083320786396,2886.92024565972,646.78197760349,"Prairie_CivilWar/015116_20150518_020000.wav"
"4",0.00137768155874828,38.5951643519498,0.964692057907405,0.967117805432013,0.932970865961102,1753.971787185,0.954545,7.12800489704736e-12,-0.987814403469047,0,0,0.355635410154968,0.00370370370370376,0.917728235744489,0.753395000984058,1,0.125627243423528,2017.30057014542,-139.020220288037,"Prairie_CivilWar/015116_20150518_030000.wav"
"5",0.00236173981499705,37.5721576638616,0.967539025387268,0.969889551998474,0.938405991873898,1699.25976568203,0.954545,7.44615768304135e-12,-0.934682181269063,0,1,0.0677490576998487,0.00370370370370376,0.501934509001642,0.313520960440858,0.957142857142857,0.0764179104477612,646.315956646401,-350.942023023053,"Prairie_CivilWar/015116_20150518_040000.wav"
"6",0.00216492816374729,39.3350428874577,0.961666859410229,0.968652835635846,0.931521330304736,1750.83533377152,0.954545,6.61572066793548e-12,-0.960316508940955,0,1,0.154268105748355,0.00370370370370376,0.724072058519808,0.423145050186971,1,0.0933912713396666,967.291665948852,-344.835150450967,"Prairie_CivilWar/015116_20150518_050000.wav"
"7",0.0155481204487306,46.0249222500242,0.976510296082186,0.967391878634585,0.944668129832962,1800.57593668711,0.949963,9.14075775096365e-12,-0.81533875000645,0.139252,7,0,0.00370370370370376,0.323237745047767,0.0431017516236961,0.05,0.0630255911888565,291.491456289051,-77.2469244603438,"Prairie_CivilWar/015116_20150518_060000.wav"
"8",0.00098405825624877,49.178921282978,0.968471546298093,0.965282942173127,0.934849063621581,1745.62996680721,0.95273,7.67556890818453e-12,-0.899349765958096,0.067311,6,0.174740941977603,0.00370370370370376,0.741816011779012,0.490061011611887,1,0.082494166151309,965.060110334609,-426.287892325317,"Prairie_CivilWar/015116_20150518_070000.wav"
"9",0.00373942137374533,43.8722521176187,0.967389740688534,0.965435104210368,0.933952015113675,1696.09169824125,0.954291,7.51706103528271e-12,-0.953640947067447,0.017809,6,0.120811245996696,0.00370370370370376,0.541000190344246,0.363117496555796,1,0.0736215623690234,796.300084589792,-383.4098846482,"Prairie_CivilWar/015116_20150518_080000.wav"
"10",0.124581775241094,50.7528737597882,0.921152249569155,0.949421317352766,0.87456158226841,1954.50192711875,0.77016,4.16924723515156e-12,0.828234006362804,1.842513,16,0.364092209556266,0.00370370370370376,0.999371517746837,0.522338122416847,1,0.123045027534823,3588.68729084173,-571.795237337498,"Prairie_CivilWar/015116_20150518_090000.wav"
"11",0.00236173981499705,43.7149852730531,0.961289220174827,0.96408131566772,0.926760976123343,1748.42344049842,0.954545,6.4464380549718e-12,-0.987839584955743,0,2,0.428049993792515,0.00370370370370376,0.897835475100553,0.801417043888998,1,0.176408039014693,2718.13455579589,-151.752791691195,"Prairie_CivilWar/015116_20150518_100000.wav"
"12",0.000393623302499508,40.297798749913,0.962424156861395,0.966247820155735,0.929940243632544,1698.14833476663,0.954545,7.20397480857559e-12,-0.982404982038056,0,1,0.238778077929057,0.00370370370370376,0.95818854247925,0.577839008069278,1,0.0838681081497755,1413.66232959493,501.258660668008,"Prairie_CivilWar/015116_20150518_110000.wav"
"13",0.00649478449124188,60.1166127497416,0.955965977346418,0.962144669226368,0.919777569065631,1857.31688350703,0.954545,6.18859083094978e-12,-0.957447482707645,0,9,0.512526423580331,0.00370370370370376,1,0.880928950993899,1,0.178964857832534,4124.296810199,-2216.17098147662,"Prairie_CivilWar/015116_20150518_120000.wav"
"14",0.0072820310962409,42.6396093780828,0.962931736306069,0.963655619375831,0.92793457876667,1850.50451620016,0.954545,6.85969315521899e-12,-0.9919112975438,0,1,0.608741653524783,0.00370370370370376,1,0.949616217280063,1,0.325079365079365,5317.74475185473,-1368.82213856887,"Prairie_CivilWar/015116_20150518_130000.wav"
"15",0.00157449320999803,40.6579768112815,0.960698642803744,0.966192963948612,0.928220269151958,1701.42883178552,0.954545,6.57656189897551e-12,-0.983622850198529,0,1,0.255220936322714,0.00370370370370376,0.876994051140458,0.569769730368038,1,0.109133786848073,1462.89229589473,-117.352584351743,"Prairie_CivilWar/015116_20150518_140000.wav"
"16",0.00137768155874828,41.2478564362288,0.966718222532549,0.964326515028023,0.932232014548898,1773.01326852245,0.954545,7.35787565367021e-12,-0.992199343820667,0,0,0.524040843677694,0.00370370370370376,0.99356817781029,0.906317654005117,1,0.248199851369119,3664.74236518841,-1870.18448339842,"Prairie_CivilWar/015116_20150518_150000.wav"
"17",0.000787246604999016,44.3077646664783,0.963238087976601,0.966011232188418,0.930498812257093,1764.99896478619,0.954545,6.87569953911504e-12,-0.98493697599369,0,1,0.367135186017643,0.00370370370370376,0.889197567430172,0.751230072820311,1,0.145110240272335,2112.54427102165,-657.808605917875,"Prairie_CivilWar/015116_20150518_160000.wav"
"18",0.0680968313324149,71.1921750329919,0.962710830142237,0.952794063198066,0.917265163536005,1799.40433699586,0.86916,6.88100094157822e-12,0.631656725568629,1.311765,11,0.425342902952257,0.00370370370370376,0.923108112618425,0.826018500295218,1,0.158867689711544,2684.53895901128,-211.553172904328,"Prairie_CivilWar/015116_20150518_170000.wav"
"19",0.036803778783704,70.9520652953035,0.948116926847633,0.957154650012349,0.90749452528763,1734.96640704736,0.852714,5.45218240326328e-12,0.70509174285734,1.423003,18,0.22002408425647,0.00370370370370376,0.922593481212639,0.437709112379453,1,0.11662990919351,1533.34880790144,379.913491746947,"Prairie_CivilWar/015116_20150518_180000.wav"
"20",0.00177130486124779,45.0328503039307,0.96847621930523,0.964887683284046,0.934470775561115,1826.34289294792,0.954545,7.65428358423969e-12,-0.989996546594112,0,1,0.512765904505295,0.00370370370370376,0.998565700815583,0.931509545365086,1,0.237637904284521,3458.09578189412,-1298.48729960822,"Prairie_CivilWar/015116_20150518_190000.wav"
"21",0.0116118874237355,43.5693281072546,0.974647903977706,0.966509340491505,0.94200630288492,1718.7153635606,0.94897,8.83103719024727e-12,-0.777424994496838,0.223951,3,0,0.00370370370370376,0.358229290450427,0.0570753788624287,0.114285714285714,0.0464399092970522,315.384129889596,120.918829502633,"Prairie_CivilWar/015116_20150518_200000.wav"
"22",0.0051171029324936,44.5715484953575,0.96831044004747,0.963627838009283,0.933090895864761,1728.40524467486,0.953776,7.42530764844292e-12,-0.946362160117282,0.037523,6,0.280762182079649,0.00370370370370376,0.675979960710311,0.669356425900413,1,0.105645291291872,1422.86431948645,-950.934496249298,"Prairie_CivilWar/015116_20150518_210000.wav"
"23",0.000590434953749262,38.9851155640464,0.966067949885821,0.965023640879038,0.932278410335364,1747.44166674751,0.954545,7.30622339367226e-12,-0.951561461413183,0,1,0.19739191581179,0.00370370370370376,0.777334375173331,0.527455225349341,1,0.0962311522547163,1090.30802308923,-712.842411774094,"Prairie_CivilWar/015116_20150518_220000.wav"
"24",0.00118086990749852,41.6592103298569,0.929060956406219,0.966863117064462,0.898274772253807,1780.22480103137,0.954545,3.4250113082364e-12,-0.958675650193976,0,1,0.140416861835171,0.00370370370370376,0.796480551636588,0.244636882503444,0.835714285714286,0.167104289009051,1292.2632894686,-795.418033013829,"Prairie_CivilWar/015116_20150518_230000.wav"
"25",0.00236173981499705,36.5962658067451,0.976758097868045,0.971554563674007,0.948973787589242,1683.35738309837,0.954008,9.24251623784121e-12,-0.820447419694442,0.032448,4,0,0.00370370370370376,0.207761142648669,0.00826608935248967,0.00714285714285714,0.0464399092970522,172.08420039905,-51.9366179766996,"Prairie_CivilWar/015116_20150519_000000.wav"
"26",0.00137768155874828,37.1087977692962,0.963835832169847,0.969776560352477,0.934705398066142,1694.23528870281,0.954545,6.8208148709087e-12,-0.966425575515468,0,0,0.175736471665915,0.00370370370370376,0.69831253871337,0.490061011611887,1,0.0933602314489014,1005.8235490621,-650.592641494498,"Prairie_CivilWar/015116_20150519_010000.wav"
"27",0.000787246604999016,36.5966837792952,0.974157238248307,0.972089472648156,0.946967996005181,1679.83485852551,0.954545,8.69903558458913e-12,-0.890999551343677,0,1,0,0.00370370370370376,0.350450469751176,0.0688840779374139,0.0785714285714286,0.0591053391053391,311.280024785205,-133.958084123827,"Prairie_CivilWar/015116_20150519_020000.wav"
"28",0.00196811651249754,38.0169362434746,0.966883460299743,0.970979101951265,0.938823633973376,1686.35106574383,0.954545,7.7531065115998e-12,-0.947675607304779,0,1,0,0.00370370370370376,0.59686929718059,0.158039755953552,0.485714285714286,0.0713672135520875,505.136450031467,-153.718739593118,"Prairie_CivilWar/015116_20150519_030000.wav"
"29",0.0214524699862232,34.5791662747244,0.980830129007638,0.970292756902129,0.951692369927491,1663.31642052757,0.953246,9.91106010257578e-12,-0.945204259308963,0.056937,1,0,0.00370370370370376,0.113904045600613,0.00413304467624483,0,0,245.080985867385,-37.8427280404829,"Prairie_CivilWar/015116_20150519_040000.wav"
"30",0.00098405825624877,35.6126859018885,0.96611649050503,0.965770130525806,0.933046449138176,1662.37204001652,0.954545,7.39373158811997e-12,-0.970203575701994,0,1,0.162906998266969,0.00370370370370376,0.68923295840423,0.426884471560716,1,0.102099506469254,958.913942460993,-581.687479178678,"Prairie_CivilWar/015116_20150519_050000.wav"
"31",0.036016532178705,49.9975089551314,0.97372258003531,0.963125355141898,0.937816905706193,1871.8876653268,0.946561,8.8146350982739e-12,-0.618852032134592,0.282867,7,0.0295382454277692,0.00370370370370376,0.57337472175321,0.185790198779768,0.407142857142857,0.0757703783267693,530.101673016567,-228.440244174013,"Prairie_CivilWar/015116_20150519_060000.wav"
"32",0.000787246604999016,41.0163328762125,0.979256174474251,0.965175470546731,0.945154038983977,1679.04712074965,0.954471,9.6374471410715e-12,-0.966505771061809,0.006624,3,0.080631007487737,0.00370370370370376,0.492148236371915,0.372367644164535,0.671428571428571,0.0365590775317219,578.961361693761,-157.605455368995,"Prairie_CivilWar/015116_20150519_070000.wav"
"33",0.00236173981499705,43.7982921477806,0.948176588261434,0.964029789782918,0.914070477058754,1725.42708979992,0.954545,5.10048862910171e-12,-0.987340154497173,0,1,0.444790686369963,0.00370370370370376,1,0.742767171816572,1,0.163182696668411,3449.28670057869,-2491.40921903889,"Prairie_CivilWar/015116_20150519_080000.wav"
"34",0.0446762448336942,69.0757563917335,0.949359871480571,0.951703612151925,0.903509218920147,1836.30141476077,0.880867,4.9075023748873e-12,0.0779644989773154,1.210553,11,0.557462041118157,0.00370370370370376,1,0.838024011021453,1,0.232048767558972,5053.68239304946,-1828.48522732526,"Prairie_CivilWar/015116_20150519_090000.wav"
"35",0.00373942137374533,43.0182225970479,0.956908864675474,0.9671921412504,0.925514733806961,1774.40744765646,0.954545,5.89139833692172e-12,-0.990250766479243,0,0,0.518314905975316,0.00370370370370376,1,0.838417634323952,1,0.244690809216976,4037.11746339297,-1973.22196227252,"Prairie_CivilWar/015116_20150519_100000.wav"
"36",0.00275536311749656,40.2823578031208,0.972906673989375,0.964076046221776,0.937956019602455,1670.66444090684,0.954384,8.49508685966674e-12,-0.966125768103544,0.01083,1,0.0841979912449704,0.00370370370370376,0.487885757080933,0.309781539067113,0.907142857142857,0.0671001839055832,649.043612721143,-233.908737236358,"Prairie_CivilWar/015116_20150519_110000.wav"
"37",0.00295217476874631,42.1545286579033,0.97009867848318,0.96350541318595,0.934695328043081,1679.71082360708,0.954545,8.00744065218476e-12,-0.969890485351937,0,4,0.230153069559877,0.00370370370370376,0.716568898996726,0.635701633536705,1,0.091485226723322,1173.84947406407,-635.127674293586,"Prairie_CivilWar/015116_20150519_120000.wav"
"38",0.0025585514662468,40.6335395900395,0.966870692565542,0.965775210185881,0.933779746335055,1676.8698446313,0.954545,7.54447934853444e-12,-0.973188608790083,0,1,0.18334494824763,0.00370370370370376,0.704703750023554,0.492619563078134,1,0.0807131985214177,1025.50104758744,-272.723166900628,"Prairie_CivilWar/015116_20150519_130000.wav"
"39",0.00492029128124385,44.8287515654942,0.961550642849884,0.963979152045497,0.926914773343234,1785.76913241348,0.954495,6.59667282154198e-12,-0.989576355363059,0.004717,4,0.512302035242612,0.00370370370370376,1,0.851604014957685,1,0.260470595164473,3715.93622979218,-2498.3865102983,"Prairie_CivilWar/015116_20150519_140000.wav"
"40",0.000196811651249754,40.724755222419,0.963049417963144,0.963276065342389,0.927682454065816,1697.55615354285,0.954545,6.83529994528449e-12,-0.982899846979563,0,2,0.286291790115329,0.00370370370370376,0.909889279763203,0.627632355835466,1,0.118886167800454,1584.75388284264,-940.172501134479,"Prairie_CivilWar/015116_20150519_150000.wav"
"41",0.012792757331234,65.9059817107165,0.94416736671166,0.960920122865478,0.907269422026143,1802.11782479781,0.927274,4.96352539509598e-12,0.117841512374054,0.608561,24,0.358451327783617,0.00370370370370376,1,0.588663648888014,1,0.155829733667865,2702.51504247253,-1313.54424105291,"Prairie_CivilWar/015116_20150519_160000.wav"
"42",0.0118086990749852,43.9358183779804,0.956207910271789,0.967732396309628,0.92535337237754,1791.10911801006,0.954545,6.09984634785682e-12,-0.989515865271398,0,0,0.596098962526193,0.00370370370370376,1,0.938004329856328,1,0.270386580334945,5510.27078464628,-2046.81947130249,"Prairie_CivilWar/015116_20150519_170000.wav"
"43",0.000590434953749262,40.4810613116165,0.96428429333725,0.964968027300339,0.930503512298347,1698.44382280636,0.954545,7.7857294421888e-12,-0.927640331335955,0,3,0,0.00370370370370376,0.605732481472292,0.107852784884865,0.292857142857143,0.108737348597976,508.439320446219,-249.033405206028,"Prairie_CivilWar/015116_20150519_180000.wav"
"44",0.00098405825624877,41.147967379362,0.952550183413565,0.965333680331524,0.919528774255085,1705.99145683859,0.954545,6.26791334734931e-12,-0.971335694618715,0,2,0.156596268142804,0.00370370370370376,0.845801440025901,0.33595748868333,0.971428571428571,0.12344137655062,1180.89714092212,-768.688641427955,"Prairie_CivilWar/015116_20150519_190000.wav"
"45",0.000196811651249754,43.6377911428952,0.954833077726506,0.96358513850076,0.920062963446203,1710.04868878668,0.954489,5.84772457048615e-12,-0.978882555934912,0.005229,5,0.325255157989012,0.00370370370370376,0.958863427583941,0.621531194646723,1,0.128656787992135,2018.57414765536,-1271.7665984353,"Prairie_CivilWar/015116_20150519_200000.wav"
"46",0.0903365479236371,71.1479678382459,0.91099958172929,0.962226612674287,0.876588041675067,1780.64244942117,0.758995,3.74865468496022e-12,0.821755895822251,1.86421,20,0.230982488435877,0.00370370370370376,0.934162530470296,0.27179689037591,0.814285714285714,0.135653419262442,2425.91667113667,-464.54135261174,"Prairie_CivilWar/015116_20150519_210000.wav"
"47",0.000393623302499508,35.2879835667252,0.978972604064235,0.965727997862168,0.945421252884867,1649.74934892507,0.954545,9.63928238596731e-12,-0.942701487906368,0,1,0,0.00370370370370376,0.302453086523127,0.0238142098012202,0.0571428571428571,0.0348299319727891,284.459583583898,-31.4496675790986,"Prairie_CivilWar/015116_20150519_220000.wav"
"48",0.00196811651249754,39.0444587856162,0.913906248843361,0.967698663328587,0.884385855413363,1673.80324882662,0.954545,2.99815056233188e-12,-0.988555004509437,0,0,0.244105265836055,0.00370370370370376,1,0.213737453257233,0.385714285714286,0.379689258419417,2214.06288907173,-307.714621308342,"Prairie_CivilWar/015116_20150519_230000.wav"
"49",0.000590434953749262,35.6911788587365,0.96912387624818,0.969700200008007,0.939759616630395,1657.17182235113,0.954545,7.78734860634709e-12,-0.908054318434976,0,1,0,0.00370370370370376,0.490579339454884,0.151151348159811,0.414285714285714,0.0524450699820158,417.178797300783,20.594330293971,"Prairie_CivilWar/015116_20150520_000000.wav"
"50",0.00295217476874631,35.3027212855605,0.944740126125565,0.967606338313132,0.914136534097844,1699.13527980812,0.954545,5.14306340135646e-12,-0.984898064771537,0,1,0.189350559713268,0.00370370370370376,0.82134273287992,0.353473725644558,1,0.122984759795391,1393.22513390126,-826.134608607516,"Prairie_CivilWar/015116_20150520_010000.wav"
"51",0.000196811651249754,31.3150101373362,0.979557894739046,0.972971812410309,0.953082220205076,1652.6383449951,0.954522,9.63603033373634e-12,-0.875843561544242,0.002396,0,0,0.00370370370370376,0.177792082971794,0.0025585514662468,0,0,181.27210289205,-38.9098829755407,"Prairie_CivilWar/015116_20150520_020000.wav"
"52",0.000393623302499508,31.3787537332171,0.976905304730878,0.972016140760746,0.949567724193209,1649.77999268608,0.954545,9.21362099175874e-12,-0.856147826466216,0,1,0,0.00370370370370376,0.242128519834575,0.0100373942137375,0.0142857142857143,0.0232199546485261,193.285043257063,-39.3880111910505,"Prairie_CivilWar/015116_20150520_030000.wav"
"53",0.00118086990749852,31.3200527674896,0.975268271313874,0.97050464759814,0.946502389965118,1649.9637747767,0.954545,9.07116132720711e-12,-0.944158350877897,0,1,0,0.00370370370370376,0.357910418456224,0.0549104506986814,0.171428571428571,0.0503099017384732,322.787941780916,-118.657862554049,"Prairie_CivilWar/015116_20150520_040000.wav"
"54",0.00196811651249754,31.831398581723,0.976718353341903,0.968686569700447,0.946133951262237,1647.79568787728,0.954545,9.31348107775059e-12,-0.952912882164866,0,1,0,0.00370370370370376,0.333117918989934,0.0285376894312143,0.0857142857142857,0.0619198790627362,280.42759504322,-80.5415864496867,"Prairie_CivilWar/015116_20150520_050000.wav"
"55",0.147805550088565,43.9049431226436,0.97988002811535,0.966243597367983,0.946802803355217,1816.91552281422,0.926776,9.65670136659955e-12,-0.895744231390827,0.594165,8,0,0.00370370370370376,0.193064860630212,0.0852194449911435,0.00714285714285714,0.0232199546485261,363.162484873773,-60.956847129322,"Prairie_CivilWar/015116_20150520_060000.wav"
"56",0.000787246604999016,37.6143460785726,0.978003271928475,0.962467226073526,0.941296096223832,1662.62865891522,0.954545,9.44105462927977e-12,-0.97106275460072,0,2,0.0814834100408022,0.00370370370370376,0.533988838585564,0.357606770320803,0.642857142857143,0.0417959183673469,596.264576741538,-137.801758805891,"Prairie_CivilWar/015116_20150520_070000.wav"
"57",0.0265695729187168,38.5924670830755,0.976816120780042,0.961427999640878,0.939138369018518,1657.23166575532,0.950722,9.16501530360734e-12,-0.861274464935984,0.174415,3,0.153583050692548,0.00370370370370376,0.593546551206309,0.555599291478056,1,0.0458464280280802,796.398640431866,89.7292260951576,"Prairie_CivilWar/015116_20150520_080000.wav"
"58",0.0047234796299941,41.1297293919119,0.975348753332678,0.967673591487983,0.943819231090759,1686.67482532233,0.953198,8.95185199006132e-12,-0.955698531348733,0.054034,6,0.0464154516852646,0.00370370370370376,0.479052441436165,0.243259200944696,0.621428571428571,0.0563150624234368,542.159582281449,-82.1981719014274,"Prairie_CivilWar/015116_20150520_090000.wav"
"59",0.00196811651249754,41.8943085964769,0.974069394881765,0.964731160844148,0.939715098067043,1670.73097108616,0.953856,8.72388648402543e-12,-0.953237643024427,0.040185,6,0.115924083327425,0.00370370370370376,0.692101778347247,0.414288525880732,1,0.0536380952380952,721.842447593606,-78.0025591385096,"Prairie_CivilWar/015116_20150520_100000.wav"
"60",0.00196811651249754,42.83646497724,0.973645970743856,0.966748055996844,0.941270349445783,1707.39103439285,0.954545,8.51685985860102e-12,-0.981535630048641,0,1,0.318908794958177,0.00370370370370376,0.783085008832977,0.822869513875221,1,0.0909759316373924,1539.7515341948,-230.481230489995,"Prairie_CivilWar/015116_20150520_110000.wav"
"61",0.0208620350324739,73.8089837057765,0.957627188469546,0.962549288886363,0.921763369279609,1698.24492488129,0.87465,6.84105621569786e-12,0.601768235969912,1.192382,18,0.261449407317726,0.00370370370370376,0.960536218524042,0.598307419799252,1,0.0870416585681892,1665.51166779305,1062.70048068664,"Prairie_CivilWar/015116_20150520_120000.wav"
"62",0.0051171029324936,43.0004826061397,0.967017449305826,0.966159626012488,0.934293217168868,1722.38648915388,0.954545,7.32835352453177e-12,-0.984469590071299,0,1,0.35628046764092,0.00370370370370376,0.788422290008541,0.784884865184019,1,0.11852356809112,1933.36153776019,416.2126293847,"Prairie_CivilWar/015116_20150520_130000.wav"
"63",0.137768155874828,41.0502082516114,0.980217024264754,0.966094823560781,0.946982593108331,1692.85832787474,0.94754,9.71260665259131e-12,-0.906610815430761,0.233794,4,0,0.00370370370370376,0.206018629425367,0.140326707341075,0.0142857142857143,0.0232199546485261,404.687255987783,-59.9867882656954,"Prairie_CivilWar/015116_20150520_140000.wav"
"64",0.00314898641999606,39.2336443588032,0.978081578821393,0.965636384056112,0.944471159084982,1689.44058851789,0.954545,9.39124631239044e-12,-0.978315519564872,0,1,0.181722151942577,0.00370370370370376,0.578327069053022,0.666404251131667,1,0.0480045962679771,865.798190736231,-6.98559874757791,"Prairie_CivilWar/015116_20150520_150000.wav"
"65",0.0271600078724661,65.5994468994267,0.958064634175348,0.972159451964552,0.931391589706525,1768.53760471252,0.872155,6.88612229919377e-12,0.609598896462597,1.210431,27,0.349195998841261,0.00370370370370376,1,0.781342255461523,1,0.101629366722534,2321.16126460286,175.043159839202,"Prairie_CivilWar/015116_20150520_160000.wav"
"66",0.00413304467624483,53.0428867039676,0.969882875568738,0.960603816790227,0.93167319211081,1806.70859854707,0.94148,7.85049646731614e-12,-0.58819947333832,0.415708,6,0.356870248743689,0.00370370370370376,0.790223590381817,0.830348356622712,1,0.110391355556394,1877.04288484717,-295.125197665559,"Prairie_CivilWar/015116_20150520_170000.wav"
"67",0.0257823263137178,72.0902005193973,0.960171870264252,0.961790745617829,0.92348441902272,1794.41703025666,0.865374,7.9515384435083e-12,0.718292701056022,1.268063,25,0.116543029459413,0.00370370370370376,0.827099545107412,0.333792560519583,0.671428571428571,0.0741062382399768,1039.69909208867,75.7406477154434,"Prairie_CivilWar/015116_20150520_180000.wav"
"68",0.00629797283999213,42.2871085080349,0.964630710259579,0.965444035739743,0.931296965911503,1726.69515906698,0.954545,6.94827121078176e-12,-0.986284299508806,0,2,0.389413020116335,0.00370370370370376,0.894063440633189,0.801417043888998,1,0.134552717334174,2253.49713753493,-178.872664293254,"Prairie_CivilWar/015116_20150520_190000.wav"
"69",0.0566817555599291,60.2377999721045,0.898245677630949,0.967781682254271,0.869305712975308,1950.83793472831,0.762683,3.97020156312454e-12,0.820233197538935,1.928974,28,0.211056365114217,0.00370370370370376,1,0.180869907498524,0.371428571428571,0.188438862724577,2777.48197661085,-429.490289014054,"Prairie_CivilWar/015116_20150520_200000.wav"
"70",0.00354260972249557,41.0507616470988,0.976232069805859,0.966077455618321,0.943115794091051,1692.02135196442,0.95252,9.194428909688e-12,-0.933408837348011,0.085594,6,0,0.00370370370370376,0.435934719571401,0.121826412123598,0.278571428571429,0.0547752776324205,435.60468075247,-141.257896096704,"Prairie_CivilWar/015116_20150520_210000.wav"
"71",0.00177130486124779,40.9565218485585,0.97918532366006,0.971411410618147,0.951191796513206,1757.47698879031,0.947584,9.60336211455936e-12,-0.93404172232227,0.225372,2,0,0.00370370370370376,0.295558944893251,0.048809289509939,0.0714285714285714,0.0301859410430839,334.375096499309,-45.4649150032961,"Prairie_CivilWar/015116_20150520_220000.wav"
"72",0.00216492816374729,35.1279583582808,0.962200509246168,0.967102958267122,0.9305469589381,1661.14704846875,0.954545,7.15561108702057e-12,-0.967691486423442,0,1,0.0765073948378552,0.00370370370370376,0.65227923656428,0.257626451485928,1,0.0814356980887593,748.045913227681,-342.832864587785,"Prairie_CivilWar/015116_20150520_230000.wav"
"73",0.00629797283999213,33.8373983651637,0.977188519756833,0.966589845375232,0.944540500214209,1650.17905189232,0.954545,9.21797662061079e-12,-0.946651802925236,0,0,0,0.00370370370370376,0.344429694089225,0.0677032080299154,0.0785714285714286,0.0379962894248609,324.909626690207,-46.032052728628,"Prairie_CivilWar/015116_20150521_000000.wav"
"74",0.000787246604999016,33.6613095406288,0.968881623998161,0.968989137907885,0.93883576957277,1662.50855633574,0.954545,7.92414124049451e-12,-0.969054979117372,0,1,0.109313548193673,0.00370370370370376,0.657629513620004,0.370793150954537,1,0.0696598639455782,761.33046580451,-63.6682288704427,"Prairie_CivilWar/015116_20150521_010000.wav"
"75",0.00196811651249754,34.9661675804914,0.974377149517936,0.973146111982437,0.94821133465791,1680.34634429632,0.954381,8.79825097099806e-12,-0.905640006319811,0.013248,1,0,0.00370370370370376,0.382986618076972,0.0470379846486912,0.0857142857142857,0.0561148904006047,287.390266489784,-22.9121801200452,"Prairie_CivilWar/015116_20150521_020000.wav"
"76",0.00432985632749459,34.6134267792927,0.97912807921054,0.97478207773063,0.954436503417251,1681.98906923286,0.950772,9.58937154585967e-12,-0.812336334356348,0.131151,1,0,0.00370370370370376,0.127908013546688,0.00354260972249557,0,0,159.991812427431,-37.0879551922141,"Prairie_CivilWar/015116_20150521_030000.wav"
"77",0.00216492816374729,33.6422562983055,0.974749461484725,0.970082253330252,0.945587154029552,1651.87988108248,0.954545,8.90198037787152e-12,-0.940647695811048,0,1,0,0.00370370370370376,0.378343106116813,0.124975398543594,0.214285714285714,0.0634678760393046,400.285011530311,-64.2965517586475,"Prairie_CivilWar/015116_20150521_040000.wav"
"78",0.00649478449124188,34.0472911870528,0.980207207249508,0.968867454778582,0.949690862043454,1650.49965412465,0.954042,9.74746982127112e-12,-0.924982106787378,0.034298,1,0,0.00370370370370376,0.0993626094806794,0.0051171029324936,0,0,241.877605033833,-43.8088289407017,"Prairie_CivilWar/015116_20150521_050000.wav"
"79",0.196221216296005,45.0819176109485,0.980291744748828,0.968214953103309,0.949133125669548,1766.111299809,0.912535,9.80156607008334e-12,-0.915995080518453,0.662333,12,0,0.00370370370370376,0.0971752488297661,0.0114150757724857,0,0,294.965401960147,-42.8637994991323,"Prairie_CivilWar/015116_20150521_060000.wav"
"80",0.00157449320999803,41.5843562342044,0.97191129463677,0.964626214744109,0.937531113212514,1677.30493585751,0.953753,8.3128199825681e-12,-0.95012111612127,0.032512,6,0.106505749597094,0.00370370370370376,0.566036457518319,0.352489667388309,1,0.0657075312394461,713.776860786692,-230.974818012815,"Prairie_CivilWar/015116_20150521_070000.wav"
"81",0.00767565439874041,44.0572821940787,0.976733907745135,0.964701649503141,0.942256811927381,1686.59167802144,0.953229,9.08452113900282e-12,-0.927429277088773,0.067647,8,0.0854561347413442,0.00370370370370376,0.457405949801338,0.359181263530801,0.921428571428571,0.0538198948830178,610.934275646293,-137.50756062409,"Prairie_CivilWar/015116_20150521_080000.wav"
"82",0.113560322771108,42.6864863456013,0.980639811280994,0.963919062690001,0.945257407726476,1667.15130571708,0.93494,9.8598304362188e-12,-0.896680328628992,0.46419,8,0,0.00370370370370376,0.168458167988183,0.0684904546349144,0,0,354.463460902141,-57.0043062726471,"Prairie_CivilWar/015116_20150521_090000.wav"
"83",0.0655382798661681,78.4284650912962,0.947732917077825,0.964240221949214,0.913842198311698,1770.37470422114,0.830399,5.88483381489534e-12,0.741106533061862,1.54185,22,0.227940798401898,0.00370370370370376,0.801312274786486,0.437512300728203,1,0.127642640871377,1650.40903926,431.210423855881,"Prairie_CivilWar/015116_20150521_100000.wav"
"84",0.00944695925998819,56.2404150628782,0.970481609572911,0.959250990026832,0.930935444785648,1784.52422717482,0.926588,8.22670040755188e-12,-0.425947136581711,0.571348,12,0.132410214293827,0.00370370370370376,0.698663163527319,0.407596929738241,1,0.071957671957672,818.980357383968,42.8176537579419,"Prairie_CivilWar/015116_20150521_110000.wav"
"85",0.023223774847471,67.5758889182311,0.952110393423309,0.955228807801378,0.909483276005049,1700.20927784876,0.888596,6.39494178941369e-12,0.61531239278832,1.123144,17,0.173460934214119,0.00370370370370376,0.788863354136822,0.355245030505806,1,0.102621523705268,1302.62937605112,380.041179980469,"Prairie_CivilWar/015116_20150521_120000.wav"
"86",0.00551072623499311,46.4606548114562,0.959041673187678,0.962568479091218,0.92314328474536,1672.9496238673,0.953605,6.7106170969808e-12,0.302013958930731,0.056134,5,0.148087578150264,0.00370370370370376,0.754323818791738,0.364691989765794,1,0.101872517793244,1030.68065423219,-549.745808541014,"Prairie_CivilWar/015116_20150521_130000.wav"
"87",0.000590434953749262,41.9688513113914,0.96048616359191,0.964904672945664,0.926777587549488,1712.68341095863,0.954545,6.57594858303907e-12,-0.981457340882193,0,1,0.316878759499532,0.00370370370370376,0.899043117939143,0.662664829757922,1,0.122420760896951,1841.175338123,-1216.68070858688,"Prairie_CivilWar/015116_20150521_140000.wav"
"88",0.0220429049399724,45.0391771622545,0.976698897429874,0.965811429913778,0.943306958721956,1708.85728805505,0.94892,9.14057011031143e-12,-0.887412237577841,0.169137,8,0,0.00370370370370376,0.275515141434746,0.0734107459161582,0.135714285714286,0.0464399092970522,341.134351439378,-109.756703946685,"Prairie_CivilWar/015116_20150521_150000.wav"
"89",0.00137768155874828,39.0273884526746,0.971742096183228,0.961764675465017,0.934587221771358,1672.5721714411,0.954545,8.27479440354107e-12,-0.976950689424636,0,1,0.207597384674642,0.00370370370370376,0.700443100641751,0.611100177130486,1,0.0848482589382785,1056.76485262476,-568.012313614764,"Prairie_CivilWar/015116_20150521_160000.wav"
"90",0.0179098602637276,53.1495272022977,0.968431790492721,0.952832290839974,0.922753081457437,1909.27369073725,0.899848,8.34505113261733e-12,0.486187874828891,1.0255,6,0.0748534657435662,0.00370370370370376,0.670921252904646,0.26392442432592,0.821428571428571,0.0617852706299911,737.724974933744,91.8685899353032,"Prairie_CivilWar/015116_20150521_170000.wav"
"91",0.010431017516237,43.277697455956,0.963540479124658,0.966500891103698,0.931262731688465,1846.38830338434,0.954545,6.8474192493791e-12,-0.990810625109985,0,0,0.66087771879709,0.00370370370370376,1,0.928950993898839,1,0.463510290878712,6285.05038315083,-3722.67763091531,"Prairie_CivilWar/015116_20150521_180000.wav"
"92",0.00177130486124779,40.3378452769484,0.968394439367858,0.96683347336607,0.936276159402415,1695.35513205276,0.954545,8.34263107591917e-12,-0.910694762642022,0,3,0,0.00370370370370376,0.524306063654192,0.0448730564849439,0.121428571428571,0.0928798185941043,344.98613568171,-134.818107967765,"Prairie_CivilWar/015116_20150521_190000.wav"
"93",0.0584530604211769,68.6148901410081,0.957511878315364,0.959210348941243,0.918455302914265,1803.58531659374,0.889034,6.15128968198248e-12,0.290070813206372,1.123311,10,0.438348610811214,0.00370370370370376,0.947177527044985,0.7598897854753,1,0.216643694514843,2952.29515629394,-271.707285845006,"Prairie_CivilWar/015116_20150521_200000.wav"
"94",0.300728203109624,43.9742362575108,0.981411865840907,0.965525866943945,0.947578542595116,1695.65435593149,0.896353,1.00918195643195e-11,-0.465669537148443,0.997773,11,0,0,0,0,0,0,175.259330985121,-26.2627746699957,"Prairie_CivilWar/015116_20150521_210000.wav"
"95",0.265105294233419,33.1026275064194,0.980827301404179,0.969765629882111,0.951172605751795,1647.67282529627,0.9439,9.95245975054854e-12,-0.817921137407259,0.361914,1,0,0,0,0,0,0,113.978831087048,-15.2923189632505,"Prairie_CivilWar/015116_20150521_220000.wav"
"96",0.177130486124779,32.2795191045957,0.980780706510235,0.970615392245845,0.951960850156589,1650.92569605735,0.954167,9.83164736210962e-12,-0.900151511193267,0.0257,0,0,0,0,0,0,0,133.471522554823,-18.834925719658,"Prairie_CivilWar/015116_20150521_230000.wav"
"97",0.000393623302499508,33.8347587331118,0.972123769188013,0.971007879451373,0.943939839683529,1655.79392560971,0.954545,8.60971226454444e-12,-0.868137303010689,0,0,0,0.00370370370370376,0.386585352529349,0.0212556583349734,0.0428571428571429,0.0735298563869992,211.503387471025,4.76683104658818,"Prairie_CivilWar/015116_20150522_000000.wav"
"98",0.00098405825624877,32.887538668242,0.976440669111968,0.973409190345042,0.950476321140252,1653.06521837615,0.954545,9.12553498984071e-12,-0.713599422470624,0,0,0,0.00370370370370376,0.105008311702052,0.00236173981499705,0,0,123.638132770656,-28.1105510908027,"Prairie_CivilWar/015116_20150522_010000.wav"
"99",0.000590434953749262,32.9043410452428,0.971612757039852,0.972244970362856,0.944645616172384,1654.99965149835,0.954545,8.3605322802907e-12,-0.732751331292353,0,0,0,0.00370370370370376,0.238110951251407,0.0185002952174769,0.0142857142857143,0.0464399092970522,189.137020225471,-84.3992096606493,"Prairie_CivilWar/015116_20150522_020000.wav"
"100",0.00098405825624877,32.5851604022386,0.979915156647803,0.972638316843849,0.953103028611695,1649.54655513544,0.954421,9.65309109414474e-12,-0.796438580792185,0.008281,1,0,0,0,0,0,0,113.182609879854,-27.3048509565483,"Prairie_CivilWar/015116_20150522_030000.wav"
"101",0.155874827789805,32.2023648053251,0.978848217955979,0.970979614549842,0.950441665373696,1653.79941913469,0.951036,9.49994171264441e-12,-0.901932593763736,0.135072,0,0,0,0,0,0,0,126.216075333018,-15.3906164633192,"Prairie_CivilWar/015116_20150522_040000.wav"
"102",0.100964377091124,32.2158687932078,0.980742672885774,0.966638679747504,0.948023802490343,1647.79524636326,0.954219,9.85926947963458e-12,-0.946203009088385,0.023798,1,0,0,0.0281413361506984,0.00216492816374729,0,0,222.578352178913,-28.1136070296674,"Prairie_CivilWar/015116_20150522_050000.wav"
"103",0.00590434953749262,54.5361643202778,0.971083023231697,0.961963839358079,0.934146753363414,1796.80577199351,0.917348,8.200009221695e-12,-0.577892400621437,0.737134,11,0.0826232925836431,0.00370370370370376,0.635389119834681,0.31174965557961,1,0.0564333075002153,663.256186866127,-193.398216383233,"Prairie_CivilWar/015116_20150522_060000.wav"
"104",0.00098405825624877,42.9306350178035,0.973706737020668,0.964756882748771,0.939390276319537,1688.53087968962,0.954545,8.70286989652917e-12,-0.955992450339384,0,3,0.121553008560406,0.00370370370370376,0.611476831207457,0.411139539460736,1,0.0640925063982708,742.862078845276,-263.974787093538,"Prairie_CivilWar/015116_20150522_070000.wav"
"105",0.00236173981499705,45.7318142550726,0.974194334840145,0.960862657743484,0.936066957733147,1691.19702920236,0.953099,8.62565223786694e-12,-0.949089758958738,0.073399,3,0.278635202395931,0.00370370370370376,0.695074822373487,0.762054713639047,1,0.0818652247223676,1321.9795564683,-674.260410267714,"Prairie_CivilWar/015116_20150522_080000.wav"
"106",0.06396378665617,65.8858412910361,0.960743627116914,0.952194319753437,0.91481462448004,1734.74239334796,0.870537,6.79168992359853e-12,0.649895375105333,1.247737,13,0.251963451113614,0.00370370370370376,0.834465320904105,0.572131470183035,1,0.111233826864079,1459.6764684272,700.991119601725,"Prairie_CivilWar/015116_20150522_090000.wav"
"107",0.00196811651249754,39.5254355784261,0.970354391421471,0.964259700906692,0.935673635245562,1768.77974358223,0.954545,7.99568621253906e-12,-0.991345185040747,0,1,0.506333270685153,0.00370370370370376,1,0.932493603621334,1,0.244273922902494,3293.23505975924,-2044.73127585798,"Prairie_CivilWar/015116_20150522_100000.wav"
"108",0.40011808699075,40.0338452853446,0.978885626954829,0.964735419732994,0.944365636190861,1641.50341055698,0.950958,9.5445015544293e-12,-0.899334277564281,0.16543,5,0,0.00370370370370376,0.241890977520997,0.0157449320999803,0.0142857142857143,0.0348299319727891,255.788123915209,-14.377906762869,"Prairie_CivilWar/015116_20150522_110000.wav"
"109",0.0102342058649872,47.7401588657172,0.969521870139355,0.962994262217324,0.933643998038408,1696.81320837404,0.947559,7.80487047091458e-12,-0.519858893347858,0.227034,9,0.151179923382636,0.00370370370370376,0.682664535581565,0.473135209604409,1,0.0719479616664184,868.335476738881,630.355142801044,"Prairie_CivilWar/015116_20150522_120000.wav"
"110",0.000787246604999016,39.5001841532738,0.958475627672609,0.969228775250195,0.928982158716285,1761.64433998961,0.954545,6.2618804564422e-12,-0.990324067919347,0,0,0.448760004584627,0.00370370370370376,0.980373169873547,0.793741389490258,1,0.17934769260698,3045.21714812061,-1920.10324332246,"Prairie_CivilWar/015116_20150522_130000.wav"
"111",0.0291281243849636,63.4785542199937,0.951135722929518,0.952476386769928,0.905934316703711,1782.39757231127,0.863128,6.71233883949248e-12,0.739880798909951,1.355507,13,0.0586628707386936,0.00370370370370376,0.729834658547613,0.202125565833497,0.5,0.108802073210236,918.282913169515,566.814717300797,"Prairie_CivilWar/015116_20150522_140000.wav"
"112",0.0025585514662468,39.7383869410876,0.945797067323244,0.965449235236999,0.913119055336623,1691.57751331794,0.954545,4.93418670790864e-12,-0.979394725900389,0,1,0.19882511965209,0.00370370370370376,0.793382064690752,0.370202716000787,1,0.13697164258962,1396.88696868564,-1013.7762106778,"Prairie_CivilWar/015116_20150522_150000.wav"
"113",0.00118086990749852,40.378498885449,0.959923784328708,0.964553263209209,0.925897618606388,1715.93022071992,0.954545,6.2226115992839e-12,-0.96213242077947,0,2,0.209635634871579,0.00370370370370376,0.70488171191415,0.462113757134422,1,0.132175126460841,1204.64897128078,-910.557497871691,"Prairie_CivilWar/015116_20150522_160000.wav"
"114",0.012005510726235,66.1057803877892,0.960811040331915,0.958794438963608,0.921220282365079,2122.6585160001,0.855118,6.9413489227917e-12,0.602242162370919,1.405592,17,0.0520157035550419,0.00370370370370376,0.692629239449764,0.257036016532179,1,0.0615487838971205,726.356949826624,311.624179975345,"Prairie_CivilWar/015116_20150522_170000.wav"
"115",0.025585514662468,77.7140873095486,0.954174706687196,0.957706459990713,0.913819280554071,1806.18598147442,0.845203,6.68417108516202e-12,0.687835328675379,1.44493,23,0.216362105309837,0.00370370370370376,0.884502098772991,0.471363904743161,1,0.104038923012571,1502.45223380105,297.092360856755,"Prairie_CivilWar/015116_20150522_180000.wav"
"116",0.0114150757724857,46.0393475457887,0.966523333545236,0.966302351827824,0.93395377030123,1759.72787209878,0.947684,7.79351347612640e-12,-0.56140575587505,0.234058,8,0,0.00370370370370376,0.407826796804615,0.051171029324936,0.135714285714286,0.0574388351831961,272.16127989716,-141.425822560053,"Prairie_CivilWar/015116_20150522_190000.wav"
"117",0.000590434953749262,39.239872626224,0.964749303588092,0.968616975462529,0.934472552521079,1669.75263892918,0.953906,7.93892928662356e-12,-0.841896756157945,0.030306,3,0,0.00370370370370376,0.396979177288184,0.0346388506199567,0.107142857142857,0.072755857898715,235.500725704882,-110.379329676117,"Prairie_CivilWar/015116_20150522_200000.wav"
"118",0.0655382798661681,50.6345526395292,0.850463887565348,0.951801756161118,0.809473021736309,1789.72123162139,0.797593,1.96649833313056e-12,0.855990094529331,1.710323,16,0.172555280855413,0.00370370370370376,1,0.085613068293643,0.0857142857142857,0.636613756613757,2929.98819503459,-919.195896023171,"Prairie_CivilWar/015116_20150522_210000.wav"
"119",0.507774060224365,35.2398995095146,0.980379718491199,0.968791853954996,0.949783885056966,1651.97708975164,0.940851,9.76725085657759e-12,-0.82905389982352,0.424907,1,0,0,0,0,0,0,121.38304332045,-16.3391176183189,"Prairie_CivilWar/015116_20150522_220000.wav"
"120",0.124778586892344,35.0783136135313,0.980787196535708,0.968044452744646,0.949445604929365,1663.10382426945,0.950844,9.92650099330106e-12,-0.913779289128011,0.171207,2,0,0,0,0,0,0,163.183398559396,-23.1519196062216,"Prairie_CivilWar/015116_20150522_230000.wav"
"121",0.108836843141114,33.9024036914546,0.980775223223451,0.969609803745924,0.950969271708555,1654.3061906795,0.949636,9.87326437336827e-12,-0.868925046405723,0.211704,1,0,0,0,0,0,0,147.688332810983,-22.3669098421967,"Prairie_CivilWar/015116_20150523_000000.wav"
"122",0.171422948238536,32.9803816139848,0.980869490022084,0.969311407392682,0.950767985841848,1649.90561512835,0.95115,9.88258749838678e-12,-0.888065880663689,0.160577,1,0,0,0,0,0,0,142.904243990639,-20.6350750819197,"Prairie_CivilWar/015116_20150523_010000.wav"
"123",0.0547136390474316,32.7098256518541,0.980772297286387,0.970656148697901,0.951992660833597,1649.83634522565,0.954343,9.90635074587347e-12,-0.888257265371397,0.015816,1,0,0,0,0,0,0,157.734211813862,-26.2702177308174,"Prairie_CivilWar/015116_20150523_020000.wav"
"124",0.155874827789805,33.0038677962269,0.980112388588826,0.970211145977548,0.950915963719556,1649.93493849934,0.953151,9.7203619655367e-12,-0.924414846949342,0.079306,1,0,0,0,0,0,0,163.606648381169,-23.2264248255238,"Prairie_CivilWar/015116_20150523_030000.wav"
"125",0.0436921865774454,33.9744406269818,0.98077967727466,0.971046551393246,0.95238272329414,1660.01048098148,0.951939,9.888011720732e-12,-0.876026275135489,0.118115,1,0,0,0,0,0,0,152.028037170321,-22.684010442812,"Prairie_CivilWar/015116_20150523_040000.wav"
"126",0.0257823263137178,33.0487659901425,0.980721888280322,0.971349252237153,0.952623472833699,1647.77462356919,0.954509,9.88702415757133e-12,-0.89379315198111,0.003051,1,0,0,0,0,0,0,156.490190903317,-25.5481607320115,"Prairie_CivilWar/015116_20150523_050000.wav"
"127",0.168470773469789,91.7692298628022,0.903663937613913,0.967173223787814,0.873999563762839,2323.16769804774,0.776699,2.54404920217834e-12,0.825330582679464,1.854208,22,0.192427050790373,0.00370370370370376,0.88962987366006,0.177720921078528,0.692857142857143,0.181211398648807,1944.74745699372,1425.04737660297,"Prairie_CivilWar/015116_20150523_060000.wav"
"128",0.0509742176736863,63.8154110871344,0.881348742729111,0.95892070000209,0.845143553323761,1817.18196849387,0.796905,3.4745787326733e-12,0.811400373447608,1.702725,28,0.164061578021856,0.00370370370370376,0.969288270107654,0.0669159614249163,0.114285714285714,0.423764172335601,2513.56589875343,-571.217992586004,"Prairie_CivilWar/015116_20150523_070000.wav"
"129",0.0238142098012202,71.8151774189682,0.915751052892636,0.959722901753025,0.878867257765508,1798.70386106179,0.79985,5.71564075144855e-12,0.763055988752129,1.706071,23,0.0127530137015118,0.00370370370370376,0.951934502029274,0.0470379846486912,0.0785714285714286,0.314524840239126,1288.21849469035,301.665392607383,"Prairie_CivilWar/015116_20150523_080000.wav"
"130",0.177327297776028,44.5902476121891,0.980224996947098,0.963550184699005,0.944495976854958,1703.71504018793,0.925793,9.77759035692886e-12,-0.844611732975365,0.611763,7,0,0.00370370370370376,0.101059296040766,0.00708521944499114,0,0,265.857116154669,-55.6654012968082,"Prairie_CivilWar/015116_20150523_090000.wav"
"131",0.0098405825624877,44.5380072937611,0.975525882998725,0.96450052267679,0.940895224037007,1713.24772894288,0.944849,9.00809658813551e-12,-0.83134699004173,0.267222,11,0,0.00370370370370376,0.469844739744636,0.0635701633536705,0.0714285714285714,0.0464399092970522,323.50558063173,175.531610025842,"Prairie_CivilWar/015116_20150523_100000.wav"
"132",0.107655973233615,42.0361310895143,0.979484023143167,0.969398850383711,0.949510686004199,1694.75959094619,0.934517,9.62681769181231e-12,-0.900400676955179,0.444184,8,0,0,0.00749643678571595,0.000787246604999016,0,0,200.721174801853,-6.20603834790828,"Prairie_CivilWar/015116_20150523_110000.wav"
"133",0.00393623302499508,41.7219521467353,0.963542531749857,0.966595433072746,0.931355810760763,1777.24160675706,0.954545,7.02369553318414e-12,-0.989823537151795,0,0,0.451726375056586,0.00370370370370376,0.898828009070918,0.819130092501476,1,0.200883986026843,2859.25434212893,-1409.85824955279,"Prairie_CivilWar/015116_20150523_120000.wav"
"134",0.000393623302499508,39.0970449001282,0.97447715347023,0.967469795090441,0.94277721198816,1643.53965051697,0.954188,8.71516967541311e-12,-0.957436562251732,0.025497,1,0,0.00370370370370376,0.390878717478273,0.0285376894312143,0.0428571428571429,0.0696598639455782,280.572532916157,39.4175200484801,"Prairie_CivilWar/015116_20150523_130000.wav"
"135",0.00098405825624877,39.6536407739818,0.960928400301081,0.965611583273681,0.927883594027373,1754.01645902289,0.954545,6.96499195548679e-12,-0.989928801945307,0,0,0.427478427813599,0.00370370370370376,1,0.856917929541429,1,0.14485975856456,2887.12341539858,-201.488029846319,"Prairie_CivilWar/015116_20150523_140000.wav"
"136",0.00137768155874828,38.9761935698788,0.963676321252151,0.965142043476421,0.930084533943141,1735.72221773334,0.954545,7.10450204608301e-12,-0.990230320464306,0,0,0.376730959681319,0.00370370370370376,0.95908343492989,0.767368628222791,1,0.142983201014358,2211.96566939071,413.825330228114,"Prairie_CivilWar/015116_20150523_150000.wav"
"137",0.00216492816374729,43.1100043184873,0.955930078285654,0.96391214509522,0.921432612321366,1782.69411047236,0.954545,6.04250611661115e-12,-0.990051384479095,0,2,0.460558311432407,0.00370370370370376,0.995100941108452,0.80771501672899,1,0.184934884700693,3335.99498653673,-660.241425349308,"Prairie_CivilWar/015116_20150523_160000.wav"
"138",0.000393623302499508,41.2125429200781,0.960490280572853,0.966634985100833,0.928443508051034,1712.1269249365,0.954545,6.50087753228791e-12,-0.970164546715826,0,4,0.178229380539065,0.00370370370370376,0.768398222722342,0.44814012989569,1,0.0882699746565293,1086.57594523434,470.048605284727,"Prairie_CivilWar/015116_20150523_170000.wav"
"139",0.00177130486124779,41.8775736586644,0.966828346628214,0.965688545521339,0.933655059824201,1754.62966619332,0.954545,7.54538881078937e-12,-0.967031541526127,0,1,0.217636871799142,0.00370370370370376,0.749939880239406,0.578429443023027,1,0.0773168463095694,1178.75553642132,780.757856260889,"Prairie_CivilWar/015116_20150523_180000.wav"
"140",0.0350324739224562,41.5659935055306,0.978388616539525,0.968904136214954,0.947964777390772,1706.5556243865,0.927313,9.39278580649744e-12,-0.482938379471562,0.599698,7,0,0,0.0310147598884207,0.000196811651249754,0,0,114.294199590836,9.65220999868177,"Prairie_CivilWar/015116_20150523_190000.wav"
"141",0.00236173981499705,48.0547401431547,0.963417368237304,0.967071885906008,0.931693851215853,1746.43188373557,0.950814,7.12321745754983e-12,-0.457067429220014,0.156495,8,0,0.00370370370370376,0.608399973928828,0.0932887226923834,0.192857142857143,0.05503989250021,366.741657668954,271.368363412498,"Prairie_CivilWar/015116_20150523_200000.wav"
"142",0.285573705963393,41.6699735808122,0.980595938166048,0.969222989990139,0.950416127161482,1730.69360502251,0.856782,9.76311636879874e-12,-0.497393813835378,1.385309,10,0,0,0,0,0,0,95.4571846838539,-11.4177882477212,"Prairie_CivilWar/015116_20150523_210000.wav"
"143",0.0734107459161582,35.3545758851425,0.980597359949239,0.969576209303041,0.950763871112153,1672.1113922535,0.953131,9.79652198350591e-12,-0.856367441372388,0.070765,2,0,0,0,0,0,0,132.790215085932,-18.9446456423881,"Prairie_CivilWar/015116_20150523_220000.wav"
"144",0.169061208423539,34.4175297607473,0.98083222213578,0.971483430341671,0.952862251750111,1659.05662787103,0.940966,9.94922855152295e-12,-0.789983634020677,0.388737,2,0,0,0,0,0,0,91.8272108916141,-12.3629568103116,"Prairie_CivilWar/015116_20150523_230000.wav"
"145",0.612281047037985,34.3307970345394,0.981115169281788,0.971331399552449,0.952987970500617,1668.89622240998,0.928326,9.95644760410972e-12,-0.849176626019332,0.627635,2,0,0,0,0,0,0,100.212003080073,-13.3492970178812,"Prairie_CivilWar/015116_20150524_000000.wav"
"146",0.205668175555993,35.0031186046021,0.979758676662589,0.973680098817299,0.953971525109936,1677.57739122365,0.932537,9.60228750974029e-12,-0.852222713580343,0.445597,4,0,0,0,0,0,0,104.355592380173,-13.5382091311722,"Prairie_CivilWar/015116_20150524_010000.wav"
"147",0.413501279275733,37.3083984754765,0.980457344474409,0.975536560843115,0.956471985881937,1698.10863036985,0.874137,9.71295916506305e-12,-0.714408707713817,0.897752,8,0,0,0,0,0,0,88.5924913338305,-12.1220030735068,"Prairie_CivilWar/015116_20150524_020000.wav"
"148",0.292068490454635,34.0446668481419,0.980844825135156,0.972313139937341,0.953688311718456,1660.11593921048,0.942566,9.92748968299672e-12,-0.827157493175945,0.281057,0,0,0,0,0,0,0,96.4622243950032,-13.6663111601376,"Prairie_CivilWar/015116_20150524_030000.wav"
"149",0.243456012595946,34.9208715508567,0.981220228185794,0.974286994061227,0.955990106631208,1665.73454529757,0.910148,9.94357539269848e-12,-0.714266436254872,0.671553,4,0,0,0,0,0,0,84.0658423747927,-12.0058611084098,"Prairie_CivilWar/015116_20150524_040000.wav"
"150",0.0895493013186381,35.4397757647478,0.980671514300521,0.973241398647606,0.954430116191704,1682.96660741105,0.934299,9.94602953160109e-12,-0.77982945029244,0.499065,2,0,0,0,0,0,0,98.0444581339653,-14.2799981240556,"Prairie_CivilWar/015116_20150524_050000.wav"
"151",0.122416847077347,69.7503495214025,0.870663972471059,0.961042559956076,0.836745132965112,2320.15505910718,0.809012,1.5114260486541e-12,0.831216963682633,1.649621,17,0.239860482725186,0.00370370370370376,1,0.139145837433576,0.592857142857143,0.175688331557523,2952.70357859345,52.7751234969496,"Prairie_CivilWar/015116_20150524_060000.wav"
"152",0.112576264514859,47.8600773049371,0.858993141700034,0.950876039271659,0.816795996341247,1853.28044998002,0.810969,1.33992505211368e-12,0.831086787859688,1.621715,16,0.32588557941455,0.00370370370370376,1,0.117693367447353,0.0571428571428571,1,4346.10195341037,-1222.15680610097,"Prairie_CivilWar/015116_20150524_070000.wav"
"153",0.257429639834678,42.906409669767,0.980663468341685,0.969441297940453,0.950695665591949,1707.80809504858,0.89691,9.8983882591423e-12,-0.844149814522749,0.93962,10,0,0,0,0,0,0,163.932287946345,-22.0281512142663,"Prairie_CivilWar/015116_20150524_080000.wav"
"154",0.0875811848061405,44.4372503127475,0.979815939453452,0.96647785594767,0.946970408386324,1691.87064276823,0.930505,9.72075820895496e-12,-0.837533987448073,0.545288,6,0,0.00370370370370376,0.166465047298583,0.00432985632749459,0,0,235.283496704376,-14.5790424201515,"Prairie_CivilWar/015116_20150524_090000.wav"
"155",0.0466443613461917,42.4677069749879,0.980665861284346,0.966954297370564,0.948259068853503,1684.10556599564,0.923269,9.86175896039735e-12,-0.87321366901862,0.634706,9,0,0,0.0770964192242265,0.000590434953749262,0,0,215.3050348796,8.31115545974544,"Prairie_CivilWar/015116_20150524_100000.wav"
"156",0.00118086990749852,40.4798960560413,0.967101901766671,0.968026102537475,0.93617988472377,1685.62485103424,0.954465,7.48422658103774e-12,-0.93689658429518,0.007116,4,0.00278182640672002,0.00370370370370376,0.552681325202608,0.201535130879748,0.707142857142857,0.0565253441443918,512.98447047787,348.874942871026,"Prairie_CivilWar/015116_20150524_110000.wav"
"157",0.0995866955323755,86.5824440442196,0.959736781828731,0.96419654587647,0.925374889989862,2014.21653697356,0.880858,6.47754365614653e-12,0.46554606779845,1.175034,16,0.515566583558536,0.00370370370370376,1,0.873056484943909,1,0.212419585117998,3885.09962545406,1064.41409819787,"Prairie_CivilWar/015116_20150524_120000.wav"
"158",0.0025585514662468,40.4585711453408,0.964979245759782,0.968576993799474,0.934656696936893,1719.21302610079,0.954545,7.10582758485283e-12,-0.988242377710819,0,0,0.386014339613958,0.00370370370370376,0.889659342324504,0.792954142885259,1,0.144935716922428,2237.19853439773,1076.36144789723,"Prairie_CivilWar/015116_20150524_130000.wav"
"159",0.0159417437512301,64.2161842193328,0.959173597054171,0.970230134178588,0.930619127770427,1912.94508007484,0.95386,6.33578616108406e-12,-0.919794411167912,0.039453,13,0.620563455142395,0.00370370370370376,1,0.948238535721315,1,0.281151556139025,5830.07569759058,872.816710726126,"Prairie_CivilWar/015116_20150524_140000.wav"
"160",0.00177130486124779,44.7206909342569,0.96550983093622,0.972371778707313,0.93883451166685,1760.23358780249,0.954545,7.45891848722575e-12,-0.987376866139783,0,0,0.429338301785265,0.00370370370370376,0.971012528639388,0.849242275142688,1,0.155025918509366,2639.08839573725,1490.17027029694,"Prairie_CivilWar/015116_20150524_150000.wav"
"161",0.00334579807124582,45.2068795326925,0.964493675318988,0.968955664377399,0.93455160995651,1763.43514377623,0.954545,7.16547640823615e-12,-0.988507524963442,0,0,0.556824649575486,0.00370370370370376,1,0.946664042511317,1,0.257576546101136,4369.98838786805,3101.8613255228,"Prairie_CivilWar/015116_20150524_160000.wav"
"162",0.0773469789411533,87.2522793276978,0.926924538806227,0.971620304955094,0.900618703065266,1963.52895578453,0.804977,3.56563629982434e-12,0.807617026087897,1.734071,23,0.229425660858981,0.00370370370370376,0.998372113642592,0.347372564455816,1,0.148740395205701,2002.81238042915,1320.01528627148,"Prairie_CivilWar/015116_20150524_170000.wav"
"163",0.000787246604999016,45.2162157707622,0.954657076660222,0.964625439534954,0.920886502178522,1740.15763735514,0.954545,5.85061004663303e-12,-0.898469604599957,0,5,0.09906900231143,0.00370370370370376,0.689450192123516,0.300531391458374,1,0.0979911293657924,858.044067766418,201.71633533516,"Prairie_CivilWar/015116_20150524_180000.wav"
"164",0.00137768155874828,42.6869424469036,0.957383739424585,0.965697244977331,0.924542839548417,1722.87589699555,0.954545,6.06662918354235e-12,-0.955705596427583,0,3,0.118101197000251,0.00370370370370376,0.714047087943615,0.342058649872072,1,0.0781034838177695,895.472241593272,606.950997265248,"Prairie_CivilWar/015116_20150524_190000.wav"
"165",0.0584530604211769,76.7921302761063,0.942633341447151,0.964332673144458,0.909012129952823,1820.66337836627,0.822767,5.13009675399105e-12,0.787081239415209,1.613215,25,0.156237127780273,0.00370370370370376,0.780478821495392,0.363707931509545,1,0.0943463420455902,1321.14768453762,1063.02290495479,"Prairie_CivilWar/015116_20150524_200000.wav"
"166",0.00177130486124779,41.7960459368752,0.962402321623493,0.96696601612204,0.930610338846872,1706.19820536187,0.9545,7.07953954628649e-12,-0.91013315976166,0.004296,3,0.0282553547299388,0.00370370370370376,0.608311990549711,0.213737453257233,0.6,0.080164129143721,622.455122037539,324.428529445669,"Prairie_CivilWar/015116_20150524_210000.wav"
"167",0.00767565439874041,42.8091932636644,0.967343761450857,0.966943326660863,0.935366594721923,1749.89338482673,0.954545,7.41551290286482e-12,-0.850634190113548,0,2,0.0348111511092806,0.00370370370370376,0.467755263653224,0.242471954339697,0.807142857142857,0.0704818092428712,572.024758639283,524.813185800398,"Prairie_CivilWar/015116_20150524_220000.wav"
"168",0.000590434953749262,41.2398191755173,0.956468457137349,0.966264884042419,0.924201882826051,1717.9557544411,0.954545,7.36383282981976e-12,-0.891617832983528,0,2,0,0.00370370370370376,0.77973991614042,0.0724266876599095,0.242857142857143,0.0928798185941043,523.449864599338,-22.7695732974326,"Prairie_CivilWar/015116_20150524_230000.wav"
"169",0.00177130486124779,43.1146985395454,0.96007605298051,0.969799904116765,0.9310816641253,1735.28353066872,0.954545,6.52823357566188e-12,-0.988451322019177,0,1,0.418910769443898,0.00370370370370376,0.98574925343977,0.786459358394017,1,0.161798013226585,2705.84180242635,1882.03095858616,"Prairie_CivilWar/015116_20150525_000000.wav"
"170",0.000393623302499508,40.5975619303188,0.943554022612654,0.968433747000667,0.913769557616325,1706.08166096134,0.954545,5.73257161649684e-12,-0.878018197502049,0,1,0,0.00370370370370376,0.740326823436559,0.099980318834875,0.428571428571429,0.0735298563869992,555.606638677254,267.323261115382,"Prairie_CivilWar/015116_20150525_010000.wav"
"171",0.00236173981499705,43.5136670260825,0.950416760174389,0.966277298896336,0.918366139847115,1759.23736309281,0.954545,5.64926415745688e-12,-0.985373754680129,0,1,0.399437800492061,0.00370370370370376,1,0.706553827986617,1,0.146855491536984,2894.4703265977,559.750110610712,"Prairie_CivilWar/015116_20150525_020000.wav"
"172",0.00118086990749852,41.0086321002502,0.956355855244985,0.968549141504941,0.926277642570754,1718.35728481128,0.954545,6.22804443610483e-12,-0.986796800790306,0,1,0.317187198513569,0.00370370370370376,0.97505426125465,0.644558157842944,1,0.118971057957233,2005.29468990773,1542.36454674789,"Prairie_CivilWar/015116_20150525_030000.wav"
"173",0.000590434953749262,39.3277764762158,0.963685788277734,0.968173849332259,0.933015379183647,1710.4164784784,0.954545,7.04534042170941e-12,-0.975752399813013,0,1,0.196478586922646,0.00370370370370376,0.795162584060072,0.515056091320606,1,0.0825049452405076,1119.71179628719,949.380561950602,"Prairie_CivilWar/015116_20150525_040000.wav"
"174",0.000590434953749262,39.6342046835449,0.951377509236308,0.966925923098451,0.919911576333422,1692.80677451311,0.954545,5.86980951639739e-12,-0.978269976232802,0,1,0.175915394259414,0.00370370370370376,0.836645545669545,0.385750836449518,1,0.131631001186346,1233.8324154202,-213.369844070452,"Prairie_CivilWar/015116_20150525_050000.wav"
"175",0.00157449320999803,48.8830819881272,0.963113166174172,0.967657115419492,0.931963308202633,1780.08265446099,0.954545,6.87807767201033e-12,-0.985985129072831,0,3,0.481765030501947,0.00370370370370376,1,0.871088368431411,1,0.194517535715692,3288.8889787459,1376.31887820323,"Prairie_CivilWar/015116_20150525_060000.wav"
"176",0.086400314898642,63.9908697882924,0.950770702384399,0.963888756842409,0.916437190363482,1908.75013804039,0.823757,5.74792692846664e-12,0.742164922911071,1.619925,20,0.395530347147762,0.00370370370370376,1,0.70360165321787,1,0.151401655513154,2836.41409669972,548.795894843645,"Prairie_CivilWar/015116_20150525_070000.wav"
"177",0.00295217476874631,45.342270311002,0.960510745062687,0.965064717917009,0.926955031240178,1779.76926184811,0.954545,6.75131377856346e-12,-0.989046470095497,0,3,0.50229956807625,0.00370370370370376,1,0.889195040346389,1,0.189145880574452,3755.43727692877,994.346618449105,"Prairie_CivilWar/015116_20150525_080000.wav"
"178",0.00688840779374139,46.2578267224486,0.959171981430522,0.963895525578948,0.924541581161573,1763.64763461613,0.954545,6.36089817980514e-12,-0.988280787109274,0,1,0.555630549391086,0.00370370370370376,1,0.88762054713639,1,0.26092084423513,4565.68113223042,155.50509059545,"Prairie_CivilWar/015116_20150525_090000.wav"
"179",0.00216492816374729,49.3910408134275,0.957983209441881,0.96580998546271,0.925229749584584,1790.1827721595,0.954545,6.09012809913395e-12,-0.987966486647721,0,1,0.492659417272413,0.00370370370370376,1,0.826215311946467,1,0.215546167932674,3613.46212610496,-196.807259277792,"Prairie_CivilWar/015116_20150525_100000.wav"
"180",0.0047234796299941,47.3087280426883,0.964333960735835,0.967522384143631,0.933014692801806,1778.68746360796,0.954545,7.09065632704429e-12,-0.99011118437228,0,0,0.593016671392978,0.00370370370370376,1,0.955914190120055,1,0.282024288821457,4965.07922045678,529.387760836131,"Prairie_CivilWar/015116_20150525_110000.wav"
"181",0.00688840779374139,49.6415121902232,0.96753722780306,0.968259265001377,0.936826885054061,1821.01322164893,0.954545,7.43437392538147e-12,-0.989485163377096,0,2,0.654643207364914,0.00370370370370376,1,0.974414485337532,1,0.442447455172545,5940.01262328159,974.829520722494,"Prairie_CivilWar/015116_20150525_120000.wav"
"182",0.00157449320999803,42.3401492822712,0.953656005753138,0.964122698028892,0.919441401258172,1760.80567087442,0.954545,5.81017635532168e-12,-0.989866333959117,0,1,0.427520308659932,0.00370370370370376,0.988515460575669,0.766778193269042,1,0.156487673083418,3069.16053003609,-1614.42721118412,"Prairie_CivilWar/015116_20150525_130000.wav"
"183",0.0493997244636883,48.8361846039817,0.969849119698099,0.966472685949012,0.937332683679907,1899.89624982599,0.954545,7.71622284775136e-12,-0.990501384444914,0,1,0.791753910620224,0.00370370370370376,1,0.994489273765007,0.678571428571429,1,9590.08482917587,-3623.79373188264,"Prairie_CivilWar/015116_20150525_140000.wav"
"184",0.0675063963786656,69.4644947065473,0.971595955471592,0.966320739662596,0.938873322344496,1893.01698697064,0.941323,7.95343039170458e-12,-0.748200911794768,0.348542,13,0.795788625297066,0.00370370370370376,1,0.995866955323755,0.478571428571429,1,9560.03882403336,-510.325804153104,"Prairie_CivilWar/015116_20150525_150000.wav"
"185",0.0181066719149774,50.9606674983328,0.959777371296209,0.964878364298125,0.926068420106641,1856.68252916614,0.954545,6.53328237285425e-12,-0.988311520980976,0,1,0.639346099642499,0.00370370370370376,1,0.957291871678803,1,0.319853008727607,6225.67890544855,71.414563340084,"Prairie_CivilWar/015116_20150525_160000.wav"
"186",0.0580594371186774,46.7288450220367,0.961654536154803,0.965579164441564,0.928553583501795,1879.55917818033,0.954545,6.22282574167584e-12,-0.989857774892107,0,0,0.763185461124818,0.00370370370370376,1,0.972052745522535,1,0.503839685794573,9384.95104873445,-1710.06599437935,"Prairie_CivilWar/015116_20150525_170000.wav"
"187",0.0167289903562291,44.9167080996269,0.967261002519982,0.964980318451837,0.933387830237776,1851.69511309719,0.954545,7.36193539451511e-12,-0.991549036670882,0,0,0.689696630941232,0.00370370370370376,1,0.985042314505019,1,0.540151321254574,6810.43933605654,-2712.89689607241,"Prairie_CivilWar/015116_20150525_180000.wav"
"188",0.00196811651249754,46.2841747472083,0.962464724981545,0.965115116744844,0.928889255413358,1778.19803635717,0.954545,6.88827734447309e-12,-0.983252532275834,0,5,0.430343665145821,0.00370370370370376,0.959908581114435,0.813422554615233,1,0.167407480261181,2746.59318728435,1321.99285037118,"Prairie_CivilWar/015116_20150525_190000.wav"
"189",0.00905333595748868,43.2596192621524,0.966821003758699,0.96594152952086,0.933892559143571,1860.31310182432,0.954545,7.32445161125135e-12,-0.990631408743009,0,0,0.651623050844899,0.00370370370370376,1,0.97638260185003,1,0.409049201075779,5971.3222936337,-951.95483262764,"Prairie_CivilWar/015116_20150525_200000.wav"
"190",0.00196811651249754,44.0329111470459,0.959922476086597,0.967807412432492,0.92902008771716,1719.27343249277,0.954545,6.41490379840262e-12,-0.952859888535565,0,8,0.196091209096919,0.00370370370370376,0.735778755965466,0.469198976579414,1,0.106173685759291,1158.66129576787,82.1753447666667,"Prairie_CivilWar/015116_20150525_210000.wav"
"191",0.000196811651249754,42.0762184230576,0.947658751087792,0.96513794544837,0.91462142001104,1732.97425784781,0.954545,5.34932225824262e-12,-0.97086567556545,0,1,0.253364378768116,0.00370370370370376,0.945944610023317,0.473135209604409,1,0.130981653267368,1719.99616408826,530.829614118816,"Prairie_CivilWar/015116_20150525_220000.wav"
"192",0.00216492816374729,39.0472808907285,0.95916555974422,0.967458757098122,0.927953120281468,1702.31341237195,0.954545,6.50723145198296e-12,-0.975521549470376,0,1,0.169572937176773,0.00370370370370376,0.749156665327189,0.427278094863216,1,0.0863024923846506,1079.47446933327,334.075037104527,"Prairie_CivilWar/015116_20150525_230000.wav"
"193",0.00492029128124385,41.0889396717878,0.946880259768348,0.965290499280107,0.914014518710266,1789.17174741692,0.954545,5.09868533164435e-12,-0.990396750542345,0,1,0.451360762231323,0.00370370370370376,1,0.721511513481598,1,0.18416823842725,3620.198357238,362.739718424106,"Prairie_CivilWar/015116_20150526_000000.wav"
"194",0.000393623302499508,38.9914540263965,0.961182012055706,0.967233466918004,0.929687409859863,1725.52888295421,0.954545,6.62424941020296e-12,-0.968133319253945,0,2,0.202191683912126,0.00370370370370376,0.775114531114501,0.503050580594371,1,0.0903757058378907,1171.56414033295,478.335691422203,"Prairie_CivilWar/015116_20150526_010000.wav"
"195",0.000590434953749262,36.3787583242769,0.974424723088242,0.970479860944332,0.945659569763396,1697.44857602955,0.954545,8.87014624884294e-12,-0.7676210255994,0,2,0,0.00370370370370376,0.261167578667021,0.0110214524699862,0.0285714285714286,0.0406349206349206,174.317547305234,21.4262628076511,"Prairie_CivilWar/015116_20150526_020000.wav"
"196",0.00216492816374729,35.3766451144777,0.977495601116414,0.971632802579037,0.949766790421422,1676.01781210064,0.954545,9.34681148741221e-12,-0.800291898534599,0,1,0,0.00370370370370376,0.11344934241031,0.00373942137374533,0,0,142.284265872397,0.0215346490941499,"Prairie_CivilWar/015116_20150526_030000.wav"
"197",0.000590434953749262,37.1853252090966,0.973543943995466,0.970294334236364,0.944624172988925,1705.78670933787,0.954545,8.660950633524e-12,-0.814144057706882,0,1,0,0.00370370370370376,0.312020415459999,0.0277504428262153,0.0428571428571429,0.0541798941798942,228.618067078185,56.6002863390237,"Prairie_CivilWar/015116_20150526_040000.wav"
"198",0.000787246604999016,41.4245912478164,0.963471057850091,0.967183718072255,0.93185351998646,1720.51001256222,0.954545,7.07240818330188e-12,-0.978484371803674,0,1,0.25509944896262,0.00370370370370376,0.882120435441149,0.60834481401299,1,0.098447546139255,1425.43306117494,889.66079199478,"Prairie_CivilWar/015116_20150526_050000.wav"
"199",0.0596339303286755,50.7174738564554,0.973760159988499,0.966663586206546,0.941298488359543,1824.48188082145,0.928128,8.74326970842606e-12,-0.14126116923647,0.679825,15,0,0.00370370370370376,0.491897464437689,0.0582562487699272,0.0928571428571429,0.0553706610849468,325.414001826365,134.151007909208,"Prairie_CivilWar/015116_20150526_060000.wav"
"200",0.0328675457587089,49.7669887141398,0.978618535165608,0.965165833014671,0.944529173696712,1767.66583749157,0.93237,9.46442504403481e-12,-0.899962731561527,0.441022,11,0,0.00370370370370376,0.302097251742473,0.123007282031096,0.207142857142857,0.0328282117444679,412.387150183534,144.426858831766,"Prairie_CivilWar/015116_20150526_070000.wav"
"201",0.00118086990749852,47.1473149288611,0.968457991744068,0.965241278790518,0.934795630405941,1753.67059109286,0.954545,7.80044427207653e-12,-0.966259351318846,0,3,0.261018425448995,0.00370370370370376,0.783480718374038,0.674079905530407,1,0.078789076884315,1359.10276036348,535.416610699661,"Prairie_CivilWar/015116_20150526_080000.wav"
"202",0.000590434953749262,44.0588610263529,0.96308236546182,0.967044785543155,0.93134377956842,1731.51318187414,0.954545,6.76134255179412e-12,-0.986917613627767,0,1,0.407087819990327,0.00370370370370376,0.949400081259122,0.789805156465263,1,0.151805929919137,2475.55001268684,1401.65159437143,"Prairie_CivilWar/015116_20150526_090000.wav"
"203",0.00137768155874828,44.9135997505662,0.957945279540844,0.967054133786943,0.926384942521662,1783.4953437997,0.954545,6.17603619212226e-12,-0.985882286671149,0,1,0.401677763673069,0.00370370370370376,0.986997037811162,0.7598897854753,1,0.141996715143869,2616.59916335747,1138.19608488966,"Prairie_CivilWar/015116_20150526_100000.wav"
"204",0.0102342058649872,44.8347373155515,0.976553713743768,0.965817674167844,0.943172836507976,1698.61863750099,0.950548,9.07540248406156e-12,-0.894142550661075,0.146947,6,0,0.00370370370370376,0.40066927292572,0.131076559732336,0.185714285714286,0.0553706610849468,406.688812945432,146.415481776779,"Prairie_CivilWar/015116_20150526_110000.wav"
"205",0.0025585514662468,47.6106900475319,0.966201007176672,0.96504570068718,0.93242812797547,1696.52046678573,0.952822,7.31407088229645e-12,-0.938727715411852,0.075884,4,0.18888015533382,0.00370370370370376,0.791733893195936,0.503444203896871,1,0.0811228795315595,1051.09402932225,879.570895795626,"Prairie_CivilWar/015116_20150526_120000.wav"
"206",0.0122023223774847,48.3025261232148,0.959165645594846,0.962832348892637,0.923515711525208,1780.2765032873,0.954545,6.33641959058889e-12,-0.988489630887571,0,1,0.618173780978456,0.00370370370370376,1,0.914780555008857,1,0.322961053427219,5715.78468369331,-267.767845348248,"Prairie_CivilWar/015116_20150526_130000.wav"
"207",0.0047234796299941,56.7226570751934,0.964715457116248,0.978224145679906,0.943707953861741,1921.76297245205,0.954545,7.19568968762298e-12,-0.98100374870183,0,1,0.592644115836979,0.00370370370370376,1,0.937610706553828,1,0.362266878654399,4909.10440097731,-2435.36730518877,"Prairie_CivilWar/015116_20150526_140000.wav"
"208",0.0025585514662468,45.6277269885732,0.955388298663873,0.963201769315917,0.920231699656766,1707.27947784757,0.954351,6.39444640944519e-12,-0.970251928250848,0.011143,5,0.219364618893882,0.00370370370370376,0.809309986288007,0.446959259988191,1,0.11278263686427,1402.84677533816,-385.484037416645,"Prairie_CivilWar/015116_20150526_150000.wav"
"209",0.000393623302499508,50.9475852840043,0.957848907871827,0.967197050067425,0.926428638103936,1838.1324218563,0.954545,6.70073812140555e-12,-0.978366153343856,0,1,0.268238753058402,0.00370370370370376,0.956065684088505,0.591025388703011,1,0.102897792338786,1664.0379426565,1101.50227231924,"Prairie_CivilWar/015116_20150526_160000.wav"
"210",0.00137768155874828,49.870191421361,0.966082638770078,0.96018193602583,0.927615098455196,1796.89598783578,0.95436,7.3579284993345e-12,-0.982844740839739,0.014693,4,0.530797877418538,0.00370370370370376,1,0.941546939578823,1,0.227718502605721,3833.95490355426,214.908042069445,"Prairie_CivilWar/015116_20150526_170000.wav"
"211",0.0179098602637276,63.7931358041559,0.936209293225192,0.953988308066521,0.893132719640054,1812.68367563623,0.908439,4.5134276817751e-12,0.379393384033408,0.951688,15,0.227038028780585,0.00370370370370376,1,0.336941546939579,1,0.148805928875615,1818.93059783664,166.200079147296,"Prairie_CivilWar/015116_20150526_180000.wav"
"212",0.0757724857311553,81.8033801125168,0.952473732834185,0.966696925151534,0.920753428818411,1861.34182197928,0.863639,5.50617875553651e-12,0.141877580734838,1.341157,16,0.565801092302108,0.00370370370370376,1,0.885455618972643,1,0.214567281458038,5093.2446225943,-280.256938996044,"Prairie_CivilWar/015116_20150526_190000.wav"
"213",0.0151544971462311,46.7107459920395,0.957154727849457,0.963882757459067,0.922584938394517,1804.74221902131,0.954545,5.9870374997904e-12,-0.990924644767488,0,0,0.635378544681641,0.00370370370370376,1,0.909663452076363,1,0.348829052533561,6183.49257374552,-3601.30983342026,"Prairie_CivilWar/015116_20150526_200000.wav"
"214",0.00216492816374729,45.0383668268695,0.960063487086636,0.9651583171783,0.926613259580869,1793.94215388545,0.954545,6.52750015662663e-12,-0.990829169279656,0,0,0.519567629073591,0.00370370370370376,1,0.860854162566424,1,0.263938510469123,3919.10883988626,-2146.07801128464,"Prairie_CivilWar/015116_20150526_210000.wav"
"215",0.00177130486124779,41.6167143059781,0.941811443960604,0.964044193488113,0.907947853910876,1750.56311450198,0.954545,4.48380192036429e-12,-0.978644338381399,0,1,0.249420467336881,0.00370370370370376,0.87092331155044,0.430033457980712,1,0.142636864269517,1754.25411056256,-839.47656956569,"Prairie_CivilWar/015116_20150526_220000.wav"
"216",0.0934855343436331,41.7030897299101,0.978286981879422,0.966239822528152,0.945259839752774,1790.3129267858,0.927943,9.42592649681162e-12,-0.580022431035711,0.61201,8,0,0.00370370370370376,0.234747951400613,0.0072820310962409,0.0142857142857143,0.0348299319727891,194.804867449134,-38.6432206346359,"Prairie_CivilWar/015116_20150526_230000.wav"
