,AcouOccupancyR,Bioac,Hf,Ht,H,ACI,AEI,M,NDSI,ADI,NPIC,ASA,BN,SNR,AA,CAE,ADAE,RMS,NA,wav
1,0.000984058,39.6565576,0.960846595,0.964082771,0.926335648,1765.567335,0.954545,6.27E-12,-0.991197596,0,0,0.510581629,0.003703704,1,0.868529817,1,0.2162237,3711.595863,-790.1859078,irie/015106_20150518_000000.wav
2,0.006101161,40.13365732,0.955307291,0.962262133,0.919256031,1771.316197,0.954545,5.85E-12,-0.992325416,0,0,0.546581917,0.003703704,1,0.888210982,1,0.215783288,4630.519752,-2248.234681,irie/015106_20150518_010000.wav
3,0.000984058,38.18727115,0.966678838,0.968264613,0.936000911,1677.454914,0.954545,7.45E-12,-0.956691644,0,1,0.113547324,0.003703704,0.714623707,0.379452864,1,0.073295311,792.839862,-222.3152603,irie/015106_20150518_020000.wav
4,0.000787247,37.5757134,0.970485126,0.967433049,0.938879384,1700.243457,0.954545,8.13E-12,-0.97667267,0,0,0.230585515,0.003703704,0.7206005,0.633143082,1,0.088663564,1160.45334,-220.0878331,irie/015106_20150518_030000.wav
5,0.003739421,37.40829695,0.963030009,0.966692364,0.930953756,1705.905343,0.954545,6.72E-12,-0.979330991,0,1,0.221896391,0.003703704,0.731946458,0.539460736,1,0.101356945,1213.460401,-644.803122,irie/015106_20150518_040000.wav
6,0.000196812,40.13160649,0.975162954,0.968676625,0.94461756,1724.373342,0.954492,8.93E-12,-0.866689558,0.004987,3,0,0.003703704,0.477673119,0.042708128,0.035714286,0.088235828,284.7920195,-98.32099491,irie/015106_20150518_050000.wav
7,0.016335367,50.42249344,0.971276296,0.963847002,0.936161746,1785.872154,0.93437,8.24E-12,-0.715673721,0.509984,11,0.027120519,0.003703704,0.449875749,0.208817162,0.642857143,0.066821869,534.489067,-150.4680599,irie/015106_20150518_060000.wav
8,0.010431018,48.23794687,0.976028181,0.965864135,0.942710614,1740.665455,0.953539,8.98E-12,-0.934168585,0.046793,9,0.064976348,0.003703704,0.44255392,0.294233419,0.735714286,0.052977566,572.1221293,-132.2136833,irie/015106_20150518_070000.wav
9,0.114544381,51.8185829,0.920551918,0.944002628,0.86900343,2195.970567,0.76747,4.37E-12,0.821376353,1.769016,11,0.351875454,0.003703704,0.949025969,0.523715804,1,0.115763252,3453.459047,-1633.411772,irie/015106_20150518_080000.wav
10,0.010824641,77.06519821,0.956144654,0.979119532,0.936179906,1719.080778,0.878925,7.93E-12,0.759174446,1.075679,24,0.107809795,0.003703704,1,0.320409368,0.764285714,0.06835781,1314.178255,-637.6836047,irie/015106_20150518_090000.wav
11,0.021255658,52.02632845,0.967942725,0.95571939,0.92508163,1782.790489,0.865884,7.84E-12,0.593311234,1.227926,15,0.494119893,0.003703704,1,0.950009841,1,0.205915848,3355.081213,-1225.207085,irie/015106_20150518_100000.wav
12,0.004329856,42.57254752,0.97090119,0.966380143,0.938259631,1679.608414,0.954545,8.13E-12,-0.976692709,0,0,0.203056296,0.003703704,0.616130368,0.584136981,1,0.088069971,1042.541702,-216.1628159,irie/015106_20150518_110000.wav
13,0.070064948,71.50366556,0.968896394,0.960848237,0.930962392,2112.164713,0.867133,7.68E-12,0.395636424,1.306019,14,0.537978979,0.003703704,0.993466245,0.950009841,1,0.273472009,3786.278168,575.7061141,irie/015106_20150518_120000.wav
14,0.001574493,57.99102638,0.967895359,0.965981666,0.934969171,1691.890955,0.954408,7.54E-12,-0.898953497,0.0113,9,0.294915179,0.003703704,0.827086851,0.724857312,1,0.10500883,1539.480011,-346.8767527,irie/015106_20150518_130000.wav
15,0.002558551,42.57759731,0.965319625,0.962947598,0.929552215,1754.292053,0.954545,7.13E-12,-0.986907035,0,0,0.440203811,0.003703704,0.902586568,0.846880535,1,0.184537534,2708.108798,-98.12144986,irie/015106_20150518_140000.wav
16,0.000787247,42.94502356,0.970463582,0.962694989,0.934260428,1823.098357,0.954545,7.96E-12,-0.98896491,0,2,0.529410725,0.003703704,0.960064567,0.945286361,1,0.252075828,3553.147613,-745.4535541,irie/015106_20150518_150000.wav
17,0.002164928,49.73858748,0.969275887,0.963421125,0.933820866,1763.159283,0.948767,7.78E-12,-0.904961778,0.205642,7,0.391845551,0.003703704,0.884806745,0.846486912,1,0.135387316,2165.991646,-471.5622842,irie/015106_20150518_160000.wav
18,0.069474513,58.97392852,0.961314159,0.956071283,0.919084861,1754.545263,0.807688,6.90E-12,0.773284529,1.651032,17,0.417682439,0.003703704,0.969809977,0.831726038,1,0.143173039,2744.676242,-380.8905506,irie/015106_20150518_170000.wav
19,0.001377682,41.26878574,0.960107179,0.96576298,0.92723597,1694.335445,0.954545,6.49E-12,-0.973877814,0,3,0.213594208,0.003703704,0.820297949,0.4898642,1,0.105826196,1253.181785,-295.2255133,irie/015106_20150518_180000.wav
20,0.035819721,61.4621329,0.951777588,0.958629467,0.912402042,1843.748112,0.807411,5.94E-12,0.794603433,1.67308,14,0.316768618,0.003703704,1,0.621531195,1,0.118547461,2160.945068,-598.4140299,irie/015106_20150518_190000.wav
21,0.00118087,40.71174509,0.974143424,0.96687487,0.941874796,1700.720577,0.954545,8.59E-12,-0.961139117,0,1,0.177470592,0.003703704,0.613718456,0.568195237,1,0.068346831,900.2348369,-259.7949004,irie/015106_20150518_200000.wav
22,0.095060028,64.5892311,0.964535985,0.965472096,0.931232579,1981.538935,0.846287,7.23E-12,0.675881322,1.490745,10,0.421054994,0.003703704,0.977925097,0.853965755,1,0.151275534,2666.171352,-698.9686688,irie/015106_20150518_210000.wav
23,0.002755363,38.81291573,0.969530237,0.966293503,0.93685077,1711.695662,0.954545,7.75E-12,-0.817476975,0,1,0.030051888,0.003703704,0.462525935,0.254477465,0.707142857,0.064499874,543.5597161,-343.880659,irie/015106_20150518_220000.wav
24,0.00118087,39.7266451,0.961486555,0.966465922,0.929243989,1691.862083,0.954545,6.55E-12,-0.849812321,0,1,0.013538664,0.003703704,0.597060851,0.226530211,0.621428571,0.090477754,569.5707187,-373.7770448,irie/015106_20150518_230000.wav
25,0.000787247,35.60976325,0.976375878,0.970989126,0.94805036,1670.049419,0.954545,9.16E-12,-0.820147733,0,1,0,0.003703704,0.193308993,0.014564062,0.007142857,0.023219955,194.7030146,-77.39081193,CivilWar/015106_20150519_000000.wav
26,0.012202322,39.3884508,0.943362373,0.961128455,0.90669242,1801.319967,0.954545,4.52E-12,-0.989705679,0,1,0.529175427,0.003703704,1,0.755953552,1,0.240790079,4853.423627,-3118.530228,CivilWar/015106_20150519_010000.wav
27,0.002164928,37.6381741,0.972778174,0.970445226,0.944027935,1683.711232,0.954545,8.77E-12,-0.872973089,0,1,0,0.003703704,0.394233308,0.042708128,0.092857143,0.085735217,294.1969758,-142.0345887,CivilWar/015106_20150519_020000.wav
28,0.001377682,37.6608822,0.966225287,0.964132728,0.931569422,1780.298544,0.954545,7.23E-12,-0.991186764,0,0,0.48262951,0.003703704,0.934773367,0.85219445,1,0.244338854,3116.126253,-2212.389947,CivilWar/015106_20150519_030000.wav
29,0.052548711,34.87442198,0.980353174,0.969347409,0.950302809,1649.917294,0.954538,9.82E-12,-0.962076917,0.000818,0,0,0.003703704,0.172459069,0.046644361,0,0,321.197396,-85.96272242,CivilWar/015106_20150519_040000.wav
30,0.00118087,36.17813262,0.979965329,0.966878484,0.947507392,1646.747615,0.954545,9.73E-12,-0.963258679,0,1,0,0.003703704,0.318475996,0.150364102,0.085714286,0.044504913,411.4692011,-130.5104847,CivilWar/015106_20150519_050000.wav
31,0.06199567,47.67521218,0.979216362,0.966351309,0.946267013,1776.240808,0.939607,9.58E-12,-0.873025474,0.42548,9,0,0.003703704,0.270589571,0.135406416,0.157142857,0.031663575,412.6558471,-142.2113361,CivilWar/015106_20150519_060000.wav
32,0.028144066,55.77835875,0.973147265,0.960644501,0.934848569,1753.512469,0.945312,8.66E-12,-0.545474372,0.268866,13,0.151665211,0.003703704,0.669362101,0.490257823,1,0.077707689,843.2859547,-345.574171,CivilWar/015106_20150519_070000.wav
33,0.000196812,43.86789197,0.964578084,0.96310039,0.928985529,1710.42626,0.954545,7.16E-12,-0.973102945,0,5,0.28119768,0.003703704,0.8967988,0.653611494,1,0.117303247,1542.122329,-812.8985976,CivilWar/015106_20150519_080000.wav
34,0.006691596,45.72227103,0.964577259,0.959868388,0.925867219,1811.177479,0.954545,6.90E-12,-0.98648562,0,5,0.647918833,0.003703704,1,0.961424916,1,0.379023822,5966.682045,-4326.397862,CivilWar/015106_20150519_090000.wav
35,0.001771305,42.77513902,0.963724627,0.962342982,0.927433631,1700.451686,0.954545,7.22E-12,-0.978133749,0,2,0.325745621,0.003703704,0.8864213,0.748868333,1,0.10321784,1862.425545,-1219.918204,CivilWar/015106_20150519_100000.wav
36,0.026372761,38.27560379,0.956487455,0.959794153,0.918031067,1858.798313,0.954545,5.66E-12,-0.992438329,0,0,0.693683431,0.003703704,1,0.937807518,1,0.404662287,7647.881754,-5843.011992,CivilWar/015106_20150519_110000.wav
37,0.010431018,40.01263899,0.926194647,0.96123597,0.89029161,1697.888308,0.954545,3.14E-12,-0.988798228,0,0,0.458006128,0.003703704,1,0.523715804,0.978571429,0.290334177,4426.496788,-2650.200649,CivilWar/015106_20150519_120000.wav
38,0.003936233,40.33846725,0.957302585,0.960635322,0.919618677,1688.213799,0.954545,6.42E-12,-0.981361472,0,1,0.282811214,0.003703704,0.800833421,0.587482779,1,0.121648659,1704.32748,-1035.841256,CivilWar/015106_20150519_130000.wav
39,0.001771305,38.40225763,0.968268401,0.962746469,0.932196985,1729.294029,0.954545,7.69E-12,-0.99089278,0,1,0.453911959,0.003703704,1,0.878567211,1,0.206819596,2773.991413,-1663.67134,CivilWar/015106_20150519_140000.wav
40,0.00118087,44.64163433,0.954195145,0.958434832,0.914533863,1733.248926,0.954545,5.91E-12,-0.986216614,0,2,0.416997474,0.003703704,1,0.802401102,1,0.157517389,2934.101717,-2026.469002,CivilWar/015106_20150519_150000.wav
41,0.006691596,38.08693922,0.956494078,0.959924255,0.918161865,1755.577306,0.954545,6.12E-12,-0.990489661,0,0,0.56841599,0.003703704,1,0.87246605,1,0.296296296,4922.612833,-2268.082701,CivilWar/015106_20150519_160000.wav
42,0.010037394,38.64247229,0.964978369,0.961904083,0.928216634,1856.568548,0.954545,6.99E-12,-0.992406727,0,0,0.665296624,0.003703704,1,0.965754773,1,0.471365079,6358.493104,-4758.547511,CivilWar/015106_20150519_170000.wav
43,0.000393623,39.4447406,0.958031957,0.963012798,0.922597036,1713.411744,0.954545,6.08E-12,-0.983677218,0,1,0.357611515,0.003703704,0.963662449,0.664632946,1,0.179067775,2184.989564,-1492.163688,CivilWar/015106_20150519_180000.wav
44,0.003936233,41.68002199,0.967837062,0.963403862,0.932417963,1760.904019,0.954545,7.37E-12,-0.985742891,0,1,0.4414566,0.003703704,0.841206751,0.869513875,1,0.199143793,2640.618186,-1875.967561,CivilWar/015106_20150519_190000.wav
45,0.01672899,65.44309569,0.958572581,0.956072772,0.916465144,1781.816496,0.857841,6.83E-12,0.630724783,1.346753,16,0.204190114,0.003703704,0.852461176,0.480810864,1,0.115085309,1315.115617,-708.286423,CivilWar/015106_20150519_200000.wav
46,0.000984058,39.65008525,0.960474619,0.966620307,0.928414271,1678.791161,0.954545,6.47E-12,-0.964411429,0,2,0.160614383,0.003703704,0.727361805,0.396378666,1,0.106652439,1013.603402,-645.9545653,CivilWar/015106_20150519_210000.wav
47,0.003148986,36.33004997,0.974216014,0.964578293,0.93970762,1650.621482,0.954483,8.77E-12,-0.933451813,0.005681,1,0,0.003703704,0.372172216,0.111789018,0.285714286,0.059210884,394.8487845,2.842579973,CivilWar/015106_20150519_220000.wav
48,0.000590435,36.55906081,0.958129532,0.964604426,0.924215987,1685.338981,0.954545,6.43E-12,-0.985362582,0,1,0.248390547,0.003703704,0.984506206,0.55304074,1,0.098206749,1521.576616,-619.0684689,CivilWar/015106_20150519_230000.wav
49,0.000787247,36.16224006,0.962277324,0.968373185,0.931843557,1663.136552,0.954545,7.10E-12,-0.948523893,0,1,0.074299675,0.003703704,0.791524318,0.277307617,0.935714286,0.083485486,754.7350402,-356.5970278,CivilWar/015106_20150520_000000.wav
50,0.002164928,35.06428287,0.974350222,0.972052539,0.947119608,1675.26456,0.954545,8.91E-12,-0.900231787,0,1,0,0.003703704,0.314869457,0.04526668,0.135714286,0.052550424,291.4690362,-106.5610376,CivilWar/015106_20150520_010000.wav
51,0.012989569,32.44208917,0.980411531,0.973279511,0.954214456,1652.570165,0.954448,9.78E-12,-0.860239387,0.007413,1,0,0,0,0,0,0,167.7977812,-46.99089587,CivilWar/015106_20150520_020000.wav
52,0.000590435,32.28026429,0.973591997,0.971280911,0.945631322,1650.29351,0.954545,8.52E-12,-0.895056097,0,0,0,0.003703704,0.36424105,0.098405826,0.185714286,0.05001221,351.6083128,-139.1948339,CivilWar/015106_20150520_030000.wav
53,0.001574493,32.66571612,0.975925804,0.969976873,0.94662546,1649.586694,0.954545,8.85E-12,-0.968544764,0,1,0,0.003703704,0.354386523,0.121235977,0.15,0.056391318,388.5668427,-165.6935491,CivilWar/015106_20150520_040000.wav
54,0.001771305,34.10189865,0.973434732,0.962667561,0.937094039,1653.340285,0.954545,8.58E-12,-0.98229406,0,1,0.116013696,0.003703704,0.584561826,0.411139539,1,0.062000926,726.4452635,-313.9823766,CivilWar/015106_20150520_050000.wav
55,0.000787247,42.6156165,0.972655202,0.967384817,0.940931874,1745.384272,0.954545,8.57E-12,-0.943928657,0,5,0.109403279,0.003703704,0.723342641,0.387128518,1,0.059952086,730.4226931,-148.1829901,CivilWar/015106_20150520_060000.wav
56,0.073213934,51.52339163,0.924841661,0.949625164,0.878252914,2020.843865,0.780109,5.09E-12,0.792984762,1.766431,11,0.29525883,0.003703704,0.954467307,0.493603621,1,0.094252427,2893.477057,-1384.391804,CivilWar/015106_20150520_070000.wav
57,0.167683527,43.19652817,0.976439506,0.960404385,0.937776783,1686.587579,0.94582,9.11E-12,-0.645045794,0.325084,7,0.148181857,0.003703704,0.599248372,0.55185987,1,0.051599899,779.2829669,-152.9001256,CivilWar/015106_20150520_080000.wav
58,0.000590435,44.00404626,0.975939359,0.967081877,0.943813267,1714.614806,0.954545,9.51E-12,-0.947380711,0,6,0.03767164,0.003703704,0.831797381,0.219641803,0.092857143,0.057156811,576.633389,-176.1974817,CivilWar/015106_20150520_090000.wav
59,0.00118087,42.29163863,0.968848023,0.964306749,0.934266687,1686.620287,0.954545,8.11E-12,-0.970758807,0,2,0.216680179,0.003703704,0.770566117,0.613068294,1,0.066224583,1164.789538,260.6361743,CivilWar/015106_20150520_100000.wav
60,0.00236174,41.71121473,0.975228591,0.961706952,0.937884117,1668.42793,0.954413,8.86E-12,-0.957529792,0.00874,3,0.188225003,0.003703704,0.566066289,0.607557567,1,0.061290612,926.1190805,-202.767886,CivilWar/015106_20150520_110000.wav
61,0.003936233,48.97277031,0.965099904,0.9611732,0.927628163,1695.09168,0.952227,7.21E-12,-0.908821566,0.110566,5,0.357027267,0.003703704,0.917350608,0.801220232,1,0.116149601,2021.864711,2934.649701,CivilWar/015106_20150520_120000.wav
62,0.00236174,39.96645374,0.968820518,0.963774598,0.933724605,1682.776708,0.954511,7.95E-12,-0.972859403,0.003399,1,0.230894513,0.003703704,0.714292779,0.631371777,1,0.073647129,1212.316982,964.6744893,CivilWar/015106_20150520_130000.wav
63,0.000590435,40.79688988,0.979060282,0.965552563,0.945334165,1712.859675,0.954392,9.53E-12,-0.965240866,0.010105,4,0.071337163,0.003703704,0.479760477,0.34678213,0.607142857,0.03496652,560.4108494,255.9181802,CivilWar/015106_20150520_140000.wav
64,0.00118087,40.78594241,0.975450757,0.964842406,0.941156255,1703.022657,0.954545,8.91E-12,-0.978368589,0,1,0.246563642,0.003703704,0.661154112,0.74965558,1,0.066515046,1155.235538,961.6779971,CivilWar/015106_20150520_150000.wav
65,0.000787247,56.35860293,0.968775577,0.964584118,0.934465535,1757.153906,0.949493,7.88E-12,-0.734627501,0.168886,21,0.313225876,0.003703704,0.844018956,0.789805156,1,0.093108361,1645.628849,1447.331672,CivilWar/015106_20150520_160000.wav
66,0.001771305,39.74328987,0.971374153,0.963790225,0.936200913,1722.79506,0.954545,8.10E-12,-0.981746801,0,1,0.329392097,0.003703704,0.761800142,0.801613856,1,0.108237175,1659.35968,-515.0617632,CivilWar/015106_20150520_170000.wav
67,0.012202322,69.88998381,0.963308119,0.956732973,0.921628641,1777.75323,0.90787,7.06E-12,0.144295612,0.814606,14,0.392137268,0.003703704,0.937137982,0.829167487,1,0.117039309,2380.598486,-841.6501338,CivilWar/015106_20150520_180000.wav
68,0.00236174,38.37597525,0.974950036,0.964220712,0.940067018,1657.418808,0.954545,8.96E-12,-0.968658116,0,1,0.106652966,0.003703704,0.55880664,0.395394607,0.992857143,0.061140312,690.5586312,-168.8833255,CivilWar/015106_20150520_190000.wav
69,0.084038575,41.04129818,0.980721949,0.965848867,0.947229182,1662.477785,0.941088,9.85E-12,-0.918938438,0.342661,6,0,0.003703704,0.139722057,0.066128715,0,0,351.4464395,-86.60793741,CivilWar/015106_20150520_200000.wav
70,0.094666404,47.14966043,0.980874172,0.965783815,0.9473124,1748.225497,0.885956,9.92E-12,-0.894933403,1.110465,6,0,0.003703704,0.193722951,0.128518008,0.014285714,0.023219955,401.2900074,-108.0533268,CivilWar/015106_20150520_210000.wav
71,0.000196812,40.70018583,0.971880776,0.970156702,0.942876648,1811.3218,0.954545,8.47E-12,-0.943789126,0,1,0.04125408,0.003703704,0.62474907,0.222593978,0.757142857,0.058487999,566.3127941,-169.7178826,CivilWar/015106_20150520_220000.wav
72,0.000393623,36.48198286,0.96539006,0.965806567,0.932380059,1678.487038,0.954545,7.29E-12,-0.981949464,0,1,0.208864153,0.003703704,0.865824246,0.517024208,1,0.086642743,1167.135174,-321.5495075,CivilWar/015106_20150520_230000.wav
73,0.000787247,36.173916,0.969126129,0.962129384,0.932424725,1680.246674,0.954545,7.84E-12,-0.981947544,0,1,0.226167059,0.003703704,0.732779588,0.59830742,1,0.084600317,1162.276841,-374.2743611,CivilWar/015106_20150521_000000.wav
74,0.001771305,35.21307108,0.953016201,0.968799722,0.92328183,1655.226218,0.954545,6.24E-12,-0.972011111,0,1,0.06543873,0.003703704,0.712704761,0.206455422,0.892857143,0.093994376,812.8101745,-404.3109979,CivilWar/015106_20150521_010000.wav
75,0.029521748,34.20241038,0.98064566,0.971180864,0.9523843,1650.563168,0.954545,9.83E-12,-0.916468129,0,0,0,0,0.03911496,0.000984058,0,0,216.1695182,-60.30538074,CivilWar/015106_20150521_020000.wav
76,0.017319425,34.07573742,0.980625001,0.972844215,0.953995359,1648.498567,0.954545,9.81E-12,-0.898413153,0,1,0,0,0.087378587,0.000590435,0,0,191.2715966,-59.87657396,CivilWar/015106_20150521_030000.wav
77,0.000984058,35.26359653,0.971734757,0.97102508,0.94357882,1656.218297,0.954545,8.43E-12,-0.925652265,0,1,0,0.003703704,0.578708779,0.143278882,0.35,0.063973344,447.3727463,-256.7629567,CivilWar/015106_20150521_040000.wav
78,0.000787247,35.30138831,0.977716571,0.966324745,0.944791716,1648.115756,0.954545,9.47E-12,-0.946540168,0,0,0,0.003703704,0.500103995,0.089549301,0.128571429,0.068369866,382.7967133,-127.5792892,CivilWar/015106_20150521_050000.wav
79,0.030112183,46.51055595,0.977282922,0.964450276,0.942540784,1758.035788,0.947594,9.25E-12,-0.869484059,0.267962,4,0.004325476,0.003703704,0.37870825,0.162369612,0.235714286,0.055587164,446.6875216,-155.7722856,CivilWar/015106_20150521_060000.wav
80,0.018893919,49.5056608,0.979115436,0.966295407,0.94611475,1750.815913,0.938846,9.61E-12,-0.889708646,0.354832,12,0.008377157,0.003703704,0.405060614,0.155874828,0.185714286,0.043760684,441.8900835,-144.8611899,CivilWar/015106_20150521_070000.wav
81,0.067703208,54.30390236,0.9403946,0.945512645,0.889154985,1845.398805,0.847197,6.09E-12,0.798195068,1.427718,11,0.237648859,0.003703704,0.984261924,0.465459555,1,0.104617378,2081.290655,-231.4910517,CivilWar/015106_20150521_080000.wav
82,0.002558551,43.94337873,0.974875557,0.965570681,0.941311255,1689.368109,0.953746,8.86E-12,-0.938392437,0.042254,5,0.078877195,0.003703704,0.482555301,0.314898642,0.778571429,0.065186295,618.1862999,-302.535373,CivilWar/015106_20150521_090000.wav
83,0.000984058,44.83758147,0.953813456,0.963818011,0.919302587,1746.78353,0.954545,5.34E-12,-0.977160646,0,2,0.330568086,0.003703704,0.949035647,0.567604802,1,0.166836288,2040.166533,-1440.261986,CivilWar/015106_20150521_100000.wav
84,0.001771305,61.9718772,0.963041312,0.961502682,0.925966804,1786.176149,0.925155,7.19E-12,-0.32152557,0.628186,22,0.248466378,0.003703704,0.856183974,0.589254084,1,0.097599941,1421.439821,-799.4398117,CivilWar/015106_20150521_110000.wav
85,0.058256249,50.40853056,0.925669211,0.956409778,0.885319085,2235.487548,0.798983,5.38E-12,0.808709707,1.760144,15,0.221180027,0.003703704,0.989602347,0.324542413,0.671428571,0.13388527,2324.057543,-1117.945658,CivilWar/015106_20150521_120000.wav
86,0.010627829,42.40720101,0.948723127,0.961532773,0.912228379,1747.491311,0.954545,5.35E-12,-0.991642805,0,0,0.528516959,0.003703704,1,0.851997638,1,0.181012701,4709.418133,-3258.222208,CivilWar/015106_20150521_130000.wav
87,0.00118087,38.57805706,0.966411535,0.962291927,0.929970019,1688.690913,0.954545,7.27E-12,-0.981235872,0,0,0.314032328,0.003703704,0.814058519,0.70084629,1,0.118020645,1671.101384,-851.0749534,CivilWar/015106_20150521_140000.wav
88,0.042117693,67.87876133,0.955663709,0.969936692,0.926933297,1723.076877,0.874629,6.71E-12,0.78930792,1.087118,24,0.109644714,0.003703704,0.722884424,0.290887621,0.935714286,0.089866542,961.2531464,-642.1418035,CivilWar/015106_20150521_150000.wav
89,0.006297973,40.75523396,0.98175078,0.961510146,0.943963335,1653.959523,0.954326,1.02E-11,-0.974433147,0.012026,2,0.115040261,0.003703704,0.444994357,0.543396969,0.371428571,0.064301413,640.0177053,-208.9580548,CivilWar/015106_20150521_160000.wav
90,0.006691596,41.95263254,0.977447168,0.963825799,0.942088798,1691.154323,0.951886,9.26E-12,-0.953410031,0.132851,3,0.008797799,0.003703704,0.390531536,0.158039756,0.178571429,0.072446259,453.1996683,-178.0587762,CivilWar/015106_20150521_170000.wav
91,0.050974218,60.73350085,0.955924982,0.963690988,0.921216291,1894.528406,0.856877,5.84E-12,0.762537879,1.351047,22,0.307765519,0.003703704,0.816644193,0.593387129,1,0.166409675,1841.258356,-1304.894364,CivilWar/015106_20150521_180000.wav
92,0.00118087,43.1098432,0.958250098,0.963122218,0.92291196,1717.826584,0.954545,6.05E-12,-0.942560408,0,4,0.223793196,0.003703704,0.806027621,0.493209998,1,0.125666395,1310.405636,-899.6535715,CivilWar/015106_20150521_190000.wav
93,0.002952175,37.64548594,0.967560673,0.967263094,0.935885731,1663.911072,0.954545,7.29E-12,-0.900760727,0,1,0.058168627,0.003703704,0.453060219,0.306042118,0.921428571,0.080099844,613.736824,-409.5877824,CivilWar/015106_20150521_200000.wav
94,0.464672309,41.05090826,0.980563167,0.966278941,0.947497538,1663.784111,0.927712,9.80E-12,-0.814213564,0.646282,8,0,0,0,0,0,0,162.7475837,-39.52427493,CivilWar/015106_20150521_210000.wav
95,0.307419799,34.09371434,0.980531148,0.968931759,0.950067771,1646.866299,0.950241,9.85E-12,-0.877167417,0.190625,1,0,0,0,0,0,0,130.7624729,-35.16514535,CivilWar/015106_20150521_220000.wav
96,0.14308207,33.47054351,0.980956482,0.970457162,0.951976244,1649.895654,0.95432,9.87E-12,-0.904162953,0.017337,0,0,0,0,0,0,0,151.8479526,-44.49486298,CivilWar/015106_20150521_230000.wav
97,0.000590435,34.38502296,0.97182344,0.967842654,0.940572178,1651.844085,0.954545,8.42E-12,-0.935028674,0,0,0,0.003703704,0.375537625,0.059437119,0.142857143,0.062693878,306.7543849,-107.3722349,CivilWar/015106_20150522_000000.wav
98,0.000984058,33.28109388,0.979601159,0.972193681,0.952362057,1652.988967,0.954495,9.60E-12,-0.791292379,0.004691,0,0,0,0.036476042,0.000984058,0,0,136.3446431,-49.63427093,CivilWar/015106_20150522_010000.wav
99,0.005707538,33.19937631,0.978891174,0.972251501,0.951728413,1650.170789,0.954545,9.49E-12,-0.752850071,0,1,0,0,0.040207663,0.000984058,0,0,114.4097285,-41.35218543,CivilWar/015106_20150522_020000.wav
100,0.011021452,34.45768338,0.980079498,0.972057712,0.952693834,1655.305189,0.948317,9.70E-12,-0.738236365,0.239841,3,0,0,0,0,0,0,113.8629742,-35.02066297,CivilWar/015106_20150522_030000.wav
101,0.050580594,32.33758516,0.980329001,0.972590847,0.953459013,1650.361256,0.953905,9.82E-12,-0.836990251,0.041924,0,0,0,0,0,0,0,114.8228773,-33.75280231,CivilWar/015106_20150522_040000.wav
102,0.016335367,34.22783916,0.977506875,0.965673606,0.943952589,1644.202582,0.954027,9.27E-12,-0.953730743,0.035164,1,0,0.003703704,0.201229465,0.03818146,0.007142857,0.023219955,269.1743075,-81.82615575,CivilWar/015106_20150522_050000.wav
103,0.002164928,44.81734237,0.974344535,0.965598345,0.94082547,1719.546769,0.952264,8.80E-12,-0.94216417,0.076403,6,0.070686644,0.003703704,0.504605596,0.295807912,0.778571429,0.060073644,604.815551,-185.8310231,CivilWar/015106_20150522_060000.wav
104,0.005707538,46.18929756,0.976607886,0.962152261,0.939645486,1713.396646,0.953197,9.13E-12,-0.948847372,0.071302,3,0.212964795,0.003703704,0.608690702,0.701830348,1,0.05733807,993.6322322,-280.2439782,CivilWar/015106_20150522_070000.wav
105,0.016138555,69.4602227,0.970296744,0.959273197,0.93077966,1870.088679,0.888078,7.91E-12,-0.114788769,1.057503,20,0.426511309,0.003703704,0.953367032,0.912418815,1,0.145859942,2436.49749,-634.115818,CivilWar/015106_20150522_080000.wav
106,0.000984058,45.7013306,0.971774557,0.963117275,0.935932863,1792.870291,0.954545,8.26E-12,-0.976818945,0,3,0.373178103,0.003703704,0.827382829,0.869710687,1,0.118133044,1961.516623,-882.0567791,CivilWar/015106_20150522_090000.wav
107,0.00236174,37.68303851,0.97017775,0.962746212,0.934034954,1796.815943,0.954545,7.90E-12,-0.992060988,0,0,0.550276302,0.003703704,0.992575756,0.943908679,1,0.333033606,3863.972345,-2426.96702,CivilWar/015106_20150522_100000.wav
108,0.002755363,39.10494472,0.961272884,0.965941022,0.928532912,1681.763952,0.954545,7.08E-12,-0.952970228,0,2,0,0.003703704,0.52063396,0.153513088,0.614285714,0.073439857,530.4838991,-175.508721,CivilWar/015106_20150522_110000.wav
109,0.007282031,45.79439565,0.967891748,0.962033357,0.931144148,1716.05652,0.942118,7.49E-12,-0.805248653,0.372082,2,0.178775061,0.003703704,0.61369572,0.490651447,1,0.085560485,975.7028394,-148.6956629,CivilWar/015106_20150522_120000.wav
110,0.003936233,37.2790683,0.948593583,0.963302562,0.913782628,1742.305247,0.954545,4.83E-12,-0.991742275,0,0,0.44626428,0.003703704,0.971002875,0.692383389,1,0.241588485,3328.334423,-2234.094976,CivilWar/015106_20150522_130000.wav
111,0.000590435,39.52492729,0.970169374,0.961700083,0.933011968,1668.879471,0.954545,7.88E-12,-0.974172914,0,1,0.169024008,0.003703704,0.683271033,0.493603621,1,0.087811971,920.7048369,-586.7269176,CivilWar/015106_20150522_140000.wav
112,0.002164928,34.06915461,0.951903476,0.961491525,0.915247125,1744.824159,0.95413,5.66E-12,-0.952284833,0.023405,4,0.167914384,0.003703704,0.76394351,0.316079512,0.964285714,0.158067691,1159.597413,-714.4285447,CivilWar/015106_20150522_150000.wav
113,0.002558551,41.42020801,0.974603356,0.966676328,0.942125993,1656.266729,0.953607,8.79E-12,-0.851057616,0.046271,6,0,0.003703704,0.416537652,0.077346979,0.107142857,0.077399849,336.9492521,-168.7621687,CivilWar/015106_20150522_160000.wav
114,0.000590435,39.94082687,0.936535276,0.964421983,0.903215208,1701.220317,0.954545,4.11E-12,-0.968545401,0,2,0.103937768,0.003703704,0.745929549,0.23597717,0.757142857,0.168892312,1047.516564,-605.1567136,CivilWar/015106_20150522_170000.wav
115,0.001771305,41.22265861,0.965098749,0.96399231,0.930347773,1708.291486,0.954545,7.21E-12,-0.958095796,0,4,0.237255538,0.003703704,0.722946247,0.576264515,1,0.113547225,1289.335391,-847.5114326,CivilWar/015106_20150522_180000.wav
116,0.00118087,41.89237565,0.963038043,0.964332005,0.928688407,1726.465009,0.953824,6.99E-12,-0.651643161,0.044412,5,0,0.003703704,0.538114664,0.176933674,0.392857143,0.101745619,498.7967323,-312.0268296,CivilWar/015106_20150522_190000.wav
117,0.001968117,42.99091243,0.966840465,0.965837537,0.933810813,1722.847918,0.954232,7.77E-12,-0.81829675,0.021866,5,0,0.003703704,0.424343777,0.085219445,0.25,0.078284419,370.462425,-195.1740925,CivilWar/015106_20150522_200000.wav
118,0.292265302,39.10763738,0.980687921,0.968287003,0.949587368,1695.305475,0.93537,9.90E-12,-0.884663333,0.469206,4,0,0,0,0,0,0,150.5106146,-35.59211955,CivilWar/015106_20150522_210000.wav
119,0.27770124,37.0630054,0.980659368,0.967951727,0.949230928,1676.505243,0.93595,9.87E-12,-0.803032237,0.535686,2,0,0,0,0,0,0,131.7099641,-32.87222757,CivilWar/015106_20150522_220000.wav
120,0.245424129,36.61382541,0.980788078,0.967490018,0.948902675,1675.308996,0.947046,9.88E-12,-0.916954052,0.290746,3,0,0,0,0,0,0,190.8921785,-53.32397618,CivilWar/015106_20150522_230000.wav
121,0.172997441,35.09463462,0.980591435,0.968260654,0.949468103,1654.796797,0.951703,9.85E-12,-0.887252464,0.13911,1,0,0,0,0,0,0,161.9358111,-45.63998501,CivilWar/015106_20150523_000000.wav
122,0.135406416,34.45465061,0.981232293,0.968860035,0.950676754,1655.645298,0.9535,9.96E-12,-0.920690419,0.059856,1,0,0,0,0,0,0,176.4809722,-51.24652178,CivilWar/015106_20150523_010000.wav
123,0.022830152,34.14020609,0.980092897,0.968877404,0.949589861,1647.664453,0.954524,9.76E-12,-0.908227828,0.002187,1,0,0,0.04651957,0.000984058,0,0,184.2534652,-55.21654106,CivilWar/015106_20150523_020000.wav
124,0.050580594,34.04150572,0.980871163,0.970019586,0.951464239,1662.564407,0.954525,9.91E-12,-0.936880278,0.001727,2,0,0,2.48E-05,0.000196812,0,0,197.5776355,-56.51675413,CivilWar/015106_20150523_030000.wav
125,0.030308994,34.26870868,0.980993976,0.971230817,0.95277158,1654.987531,0.954322,9.90E-12,-0.906573461,0.01656,1,0,0,0,0,0,0,175.0118047,-48.47167483,CivilWar/015106_20150523_040000.wav
126,0.037394214,34.71217429,0.980667616,0.970751829,0.951984882,1661.838289,0.95427,9.80E-12,-0.91361752,0.016741,1,0,0,0,0,0,0,177.627597,-49.95242437,CivilWar/015106_20150523_050000.wav
127,0.113560323,53.64140666,0.973724914,0.963765761,0.938442733,1730.615647,0.919641,8.92E-12,0.303690977,0.710106,19,0,0.003703704,0.385606043,0.034442039,0.157142857,0.064382602,298.4542702,15.25694977,CivilWar/015106_20150523_060000.wav
128,0.189726432,45.04364413,0.980750948,0.966235018,0.94763591,1725.030467,0.933665,9.90E-12,-0.916272335,0.421583,11,0,0.003703704,0.13699727,0.02145247,0,0,307.9088189,-81.60227881,CivilWar/015106_20150523_070000.wav
129,0.582562488,45.95270451,0.980586442,0.964572779,0.945846989,1720.428019,0.922281,9.88E-12,-0.876249499,0.731334,6,0,0.003703704,0.089884649,0.004526668,0,0,268.7013223,-68.12869271,CivilWar/015106_20150523_080000.wav
130,0.352096044,50.32122982,0.979908151,0.969398601,0.949921591,1727.335313,0.911697,9.71E-12,-0.893959553,0.642254,17,0,0.003703704,0.281610397,0.012792757,0.007142857,0.023219955,292.2128067,-63.85765358,CivilWar/015106_20150523_090000.wav
131,0.002558551,41.38110422,0.967059934,0.965405887,0.933605354,1722.265715,0.954374,7.64E-12,-0.910013088,0.013685,3,0.014928042,0.003703704,0.516444176,0.197008463,0.707142857,0.067548959,544.4764579,-57.76467098,CivilWar/015106_20150523_100000.wav
132,0.053926392,46.89231287,0.971921582,0.961244072,0.93425386,1709.283455,0.937779,8.20E-12,-0.515104161,0.470655,9,0.070271641,0.003703704,0.490633679,0.322180673,0.935714286,0.064519569,619.9928052,-97.28820738,CivilWar/015106_20150523_110000.wav
133,0.011218264,60.35893693,0.962455442,0.962337409,0.926206876,1818.617447,0.932634,6.81E-12,0.180475421,0.547718,9,0.423270327,0.003703704,0.977962536,0.789411533,1,0.192795987,2652.951687,-461.8021129,CivilWar/015106_20150523_120000.wav
134,0.041920882,44.50055174,0.977869192,0.961451947,0.940174238,1686.923614,0.949617,9.25E-12,-0.91211467,0.180476,5,0.025189047,0.003703704,0.325967963,0.234993112,0.157142857,0.055938982,476.5095375,132.2609589,CivilWar/015106_20150523_130000.wav
135,0.01554812,59.70606318,0.961638186,0.955061967,0.918424058,1932.093484,0.889866,6.56E-12,0.144157224,1.140803,8,0.20330141,0.003703704,0.690017436,0.496752608,1,0.091817468,1164.478676,1366.058785,CivilWar/015106_20150523_140000.wav
136,0.001771305,36.5538699,0.9331015,0.965653346,0.901052585,1694.726182,0.954545,3.46E-12,-0.989179579,0,0,0.305704218,0.003703704,0.922743186,0.407006495,1,0.226841095,2288.944238,436.7614529,CivilWar/015106_20150523_150000.wav
137,0.002164928,48.28482214,0.964574695,0.959751883,0.92575238,1790.251941,0.953508,7.19E-12,-0.950592442,0.0547,7,0.491020398,0.003703704,0.969887757,0.869513875,1,0.239333793,3330.066751,-1044.198614,CivilWar/015106_20150523_160000.wav
138,0.000787247,36.5451474,0.968155125,0.964807626,0.934083448,1711.39169,0.954545,7.54E-12,-0.98657899,0,0,0.342968425,0.003703704,0.806238881,0.777602834,1,0.113928802,1815.53779,2096.389141,CivilWar/015106_20150523_170000.wav
139,0.004133045,39.18256318,0.948452797,0.963966941,0.914277142,1707.709769,0.954545,5.13E-12,-0.977075242,0,1,0.158031339,0.003703704,0.702350823,0.338122417,1,0.128129388,1142.870916,220.1435664,CivilWar/015106_20150523_180000.wav
140,0.013776816,41.46391696,0.976737631,0.966410464,0.943929467,1710.997636,0.945718,9.20E-12,-0.639591974,0.321651,8,0,0.003703704,0.202935505,0.005510726,0.007142857,0.046439909,165.561907,75.81265229,CivilWar/015106_20150523_190000.wav
141,0.001968117,39.59797431,0.969904263,0.967312914,0.938200919,1693.531061,0.954545,7.98E-12,-0.86530891,0,2,0,0.003703704,0.41044701,0.104703798,0.257142857,0.047084908,364.9599805,729.6338782,CivilWar/015106_20150523_200000.wav
142,0.392442433,39.33938377,0.980729155,0.970211329,0.951514537,1685.365831,0.926907,9.88E-12,-0.832687007,0.484795,8,0,0,0,0,0,0,116.5329653,-26.22657094,CivilWar/015106_20150523_210000.wav
143,0.131273371,37.29387967,0.98012865,0.968272628,0.949031744,1693.903773,0.942338,9.72E-12,-0.851204764,0.40878,3,0,0,0,0,0,0,150.0474534,-38.07344923,CivilWar/015106_20150523_220000.wav
144,0.788230663,37.23211525,0.980962303,0.967848641,0.949423033,1681.959465,0.914536,9.96E-12,-0.794996541,0.858249,5,0,0,0,0,0,0,116.5851598,-31.35404522,CivilWar/015106_20150523_230000.wav
145,0.409761858,35.30795003,0.980141989,0.969912383,0.950651853,1649.333826,0.947742,9.70E-12,-0.886958791,0.266403,1,0,0,0,0,0,0,118.1339263,-33.63554999,CivilWar/015106_20150524_000000.wav
146,0.199370203,34.7126668,0.980691202,0.971974818,0.953207153,1652.21021,0.948057,9.81E-12,-0.836033042,0.257706,1,0,0,0,0,0,0,108.3468097,-30.63134854,CivilWar/015106_20150524_010000.wav
147,0.462113757,34.39917841,0.980299214,0.971549513,0.952409224,1662.337378,0.943671,9.70E-12,-0.847491663,0.363986,2,0,0,0,0,0,0,101.0343593,-29.11102438,CivilWar/015106_20150524_020000.wav
148,0.324345601,37.80287741,0.980813047,0.972955666,0.954287612,1709.425214,0.909545,9.87E-12,-0.868530308,0.568285,2,0,0,0,0,0,0,122.5795546,-30.71207056,CivilWar/015106_20150524_030000.wav
149,0.061405235,34.0289358,0.980830077,0.972976897,0.954325005,1656.329437,0.948217,9.89E-12,-0.79110175,0.208506,1,0,0,0,0,0,0,101.2611264,-27.88780042,CivilWar/015106_20150524_040000.wav
150,0.19307223,35.69333499,0.980567611,0.971496077,0.952617588,1684.936086,0.946772,9.84E-12,-0.848880068,0.242552,3,0,0,0,0,0,0,114.2412691,-30.89499798,CivilWar/015106_20150524_050000.wav
151,0.274945877,46.56655622,0.977242288,0.964355513,0.942408988,1715.557084,0.922936,9.29E-12,0.074472431,0.750083,10,0,0.003703704,0.129201598,0.012399134,0,0,178.4517284,-12.83831361,CivilWar/015106_20150524_060000.wav
152,0.497539854,46.89383828,0.979999166,0.966102348,0.946779496,1720.521732,0.89117,9.69E-12,-0.763018895,1.019209,11,0,0,0.02762007,0.000196812,0,0,207.4711036,-47.42912471,CivilWar/015106_20150524_070000.wav
153,0.007478843,44.86546187,0.978260221,0.966621909,0.945607762,1709.678057,0.94674,9.49E-12,-0.840073312,0.249448,7,0,0.003703704,0.342978448,0.018697107,0.021428571,0.069659864,252.6027313,191.6963593,CivilWar/015106_20150524_080000.wav
154,0.075772486,41.55383879,0.979703384,0.966757714,0.947135804,1681.141578,0.946615,9.65E-12,-0.924712182,0.263556,4,0,0.003703704,0.137402591,0.012005511,0,0,266.6085565,93.77715628,CivilWar/015106_20150524_090000.wav
155,0.018500295,43.37089413,0.97981252,0.967177833,0.94765295,1690.54221,0.945812,9.72E-12,-0.920901846,0.208347,6,0,0.003703704,0.219091308,0.02499508,0.014285714,0.034829932,291.0350572,78.46113407,CivilWar/015106_20150524_100000.wav
156,0.000393623,36.98121575,0.964533204,0.965547209,0.931302343,1746.201031,0.954545,7.17E-12,-0.988402657,0,0,0.381120884,0.003703704,0.955351213,0.803188349,1,0.133174751,2229.010207,-714.1750213,CivilWar/015106_20150524_110000.wav
157,0.003148986,39.24528764,0.956713744,0.96269888,0.92102725,1773.080883,0.954545,6.22E-12,-0.990490171,0,1,0.509483595,0.003703704,1,0.838220823,1,0.202013605,3944.325703,-835.3509894,CivilWar/015106_20150524_120000.wav
158,0.003148986,43.02418216,0.965803577,0.960817231,0.927960718,1815.504397,0.954545,7.36E-12,-0.98902763,0,2,0.530733269,0.003703704,0.996932621,0.929935052,1,0.232376798,3870.17918,-1109.045702,CivilWar/015106_20150524_130000.wav
159,0.011415076,37.50840565,0.967135358,0.962367311,0.930739454,1820.569541,0.954545,7.37E-12,-0.991259684,0,0,0.679243742,0.003703704,1,0.965951584,1,0.550180583,6509.295822,-1369.905055,CivilWar/015106_20150524_140000.wav
160,0.007282031,39.18688033,0.961614137,0.961603606,0.924691622,1781.552124,0.954545,6.76E-12,-0.99239965,0,0,0.57704293,0.003703704,1,0.941350128,1,0.251413902,4849.284241,-1259.292811,CivilWar/015106_20150524_150000.wav
161,0.004920291,35.51998847,0.961933066,0.96108376,0.924498247,1770.564607,0.954545,6.83E-12,-0.989450082,0,0,0.579409157,0.003703704,1,0.891163157,1,0.306472129,4742.851292,1149.064635,CivilWar/015106_20150524_160000.wav
162,0.001771305,38.4245017,0.960537607,0.964928268,0.92684989,1701.374018,0.954545,6.72E-12,-0.977619981,0,2,0.223408955,0.003703704,0.764962035,0.532572328,1,0.093558324,1292.122805,2196.246397,CivilWar/015106_20150524_170000.wav
163,0.000393623,40.40671849,0.965275115,0.964024849,0.930549197,1757.09216,0.954545,7.19E-12,-0.828943207,0,2,0.067594349,0.003703704,0.652307309,0.293839795,1,0.069659864,672.8153454,1063.655652,CivilWar/015106_20150524_180000.wav
164,0.005313915,47.32546883,0.965871684,0.960762403,0.9279732,1782.89641,0.952029,7.37E-12,-0.373778086,0.116233,9,0.200325055,0.003703704,0.728368187,0.530210588,1,0.086028029,1112.912889,762.9084424,CivilWar/015106_20150524_190000.wav
165,0.002164928,39.86893558,0.963167115,0.965031276,0.92948639,1715.000924,0.954545,6.92E-12,-0.979479988,0,2,0.270298699,0.003703704,0.839205042,0.626451486,1,0.101782806,1495.850783,1580.595479,CivilWar/015106_20150524_200000.wav
166,0.067506396,41.54578309,0.980165262,0.96871127,0.949497136,1687.493935,0.947321,9.78E-12,-0.903924336,0.20768,3,0,0,0.013851468,0.000590435,0,0,193.0010331,36.94862132,CivilWar/015106_20150524_210000.wav
167,0.167486715,43.29232567,0.979004752,0.967237142,0.946929759,1810.760908,0.894564,9.55E-12,-0.617011505,1.001779,5,0,0.003703704,0.228731792,0.008659713,0.014285714,0.023219955,210.4667821,136.0158639,CivilWar/015106_20150524_220000.wav
168,0.001771305,44.89981378,0.969703616,0.967024935,0.937727577,1909.119049,0.954411,7.85E-12,-0.777095612,0.011126,5,0.088498795,0.003703704,0.554304585,0.321590238,1,0.068668768,684.504171,464.7582534,CivilWar/015106_20150524_230000.wav
169,0.006691596,40.06785917,0.973926252,0.96642333,0.941225052,1702.131173,0.954545,8.64E-12,-0.884112374,0,3,0,0.003703704,0.337147319,0.095256839,0.178571429,0.063158277,357.163663,372.0318038,CivilWar/015106_20150525_000000.wav
170,0.000393623,41.72185662,0.960358081,0.965978306,0.927685072,1788.843509,0.954545,6.93E-12,-0.835990129,0,2,0.027938666,0.003703704,0.682380256,0.21688644,0.657142857,0.080260278,645.7082546,217.6902972,CivilWar/015106_20150525_010000.wav
171,0.001574493,36.77669992,0.956730797,0.963801192,0.922098283,1779.865156,0.954545,5.80E-12,-0.983416543,0,1,0.369501514,0.003703704,0.88491049,0.669356426,1,0.16534333,2274.858738,1997.054532,CivilWar/015106_20150525_020000.wav
172,0.001574493,39.35705839,0.953603972,0.96561741,0.920816597,1724.724469,0.954545,5.77E-12,-0.981123292,0,2,0.26380363,0.003703704,0.877318423,0.516827396,1,0.128258253,1637.736909,713.6753066,CivilWar/015106_20150525_030000.wav
173,0.000590435,38.86422477,0.962687386,0.968611661,0.932470228,1704.944214,0.954545,6.91E-12,-0.887212123,0,2,0,0.003703704,0.573723977,0.187561504,0.607142857,0.076489262,527.3276435,-36.61179451,CivilWar/015106_20150525_040000.wav
174,0.000393623,41.34056753,0.950904714,0.967051657,0.919573979,1730.258091,0.954545,5.44E-12,-0.981025397,0,1,0.26420018,0.003703704,0.93369485,0.496949419,1,0.131764028,1704.362878,808.3745315,CivilWar/015106_20150525_050000.wav
175,0.007675654,51.23466583,0.959178617,0.963699345,0.924359805,1744.58892,0.949902,6.13E-12,-0.813430848,0.199236,6,0.206584088,0.003703704,0.712861469,0.480810864,1,0.100012228,1196.309005,445.1727671,CivilWar/015106_20150525_060000.wav
176,0.02145247,63.02312086,0.960784481,0.952559876,0.915204746,1758.709895,0.920274,6.78E-12,0.046436319,0.758078,7,0.470865953,0.003703704,0.974851646,0.824444007,1,0.199850903,3215.294574,837.8834463,CivilWar/015106_20150525_070000.wav
177,0.002558551,45.73854952,0.95665728,0.965004972,0.923179032,1726.940857,0.954545,6.01E-12,-0.986387668,0,3,0.474446922,0.003703704,0.981720096,0.780358197,1,0.212954179,3408.034775,2187.13262,CivilWar/015106_20150525_080000.wav
178,0.008069278,43.50089878,0.964794445,0.961392827,0.927546459,1787.934651,0.954545,7.05E-12,-0.989214532,0,1,0.618075025,0.003703704,1,0.977563472,1,0.339621155,5380.624094,-1147.369791,CivilWar/015106_20150525_090000.wav
179,0.047234796,47.67688621,0.96981018,0.956083965,0.927219962,1861.949594,0.954359,7.77E-12,-0.985279974,0.014725,6,0.777178023,0.003703704,1,0.99409565,0.692857143,1,9129.393323,-2632.521313,CivilWar/015106_20150525_100000.wav
180,0.000787247,46.27258323,0.968093197,0.963191116,0.932458767,1765.543463,0.954545,7.53E-12,-0.987016647,0,0,0.504371379,0.003703704,0.995551133,0.916945483,1,0.218162294,3344.626781,-827.2784451,CivilWar/015106_20150525_110000.wav
181,0.001771305,51.8897553,0.971304952,0.966248136,0.938521599,1818.576498,0.954463,8.09E-12,-0.97232348,0.00726,5,0.505884623,0.003703704,0.977835573,0.943711868,1,0.22466722,3226.964211,-646.9875025,CivilWar/015106_20150525_120000.wav
182,0.015154497,47.9240444,0.96746512,0.964255918,0.932883967,1847.796914,0.954545,7.46E-12,-0.990245856,0,1,0.699057166,0.003703704,1,0.978153907,1,0.580126354,6988.644513,-1513.911813,CivilWar/015106_20150525_130000.wav
183,0.005707538,40.81206932,0.96760554,0.963446895,0.932236552,1843.576195,0.954545,7.51E-12,-0.990837709,0,0,0.637511006,0.003703704,1,0.974020862,1,0.433278573,5590.934354,-497.7091004,CivilWar/015106_20150525_140000.wav
184,0.010234206,38.86913098,0.966396842,0.96120686,0.928907274,1801.991915,0.954545,7.32E-12,-0.990939203,0,0,0.66449015,0.003703704,1,0.970675064,1,0.512424755,6256.174617,-1336.120453,CivilWar/015106_20150525_150000.wav
185,0.043495375,38.64803227,0.968741854,0.959385529,0.929396916,1829.996339,0.954545,7.58E-12,-0.990471859,0,0,0.772079469,0.003703704,1,0.995079709,0.735714286,1,9060.918783,-1250.246474,CivilWar/015106_20150525_160000.wav
186,0.009053336,36.24513003,0.970689879,0.961646584,0.933460606,1815.590261,0.954545,7.95E-12,-0.991327247,0,0,0.68354041,0.003703704,1,0.990356229,1,0.610389747,6380.098266,-1112.369157,CivilWar/015106_20150525_170000.wav
187,0.006691596,39.27413077,0.9580325,0.959765901,0.919486926,1761.97173,0.954545,6.05E-12,-0.99014306,0,0,0.610448252,0.003703704,1,0.921668963,1,0.267439242,5576.713122,-1519.9865,CivilWar/015106_20150525_180000.wav
188,0.002164928,42.13133758,0.965192182,0.9664619,0.93282147,1710.106916,0.954545,7.02E-12,-0.969320677,0,1,0.221522491,0.003703704,0.661270666,0.553827987,1,0.098427949,1182.177401,-186.7154815,CivilWar/015106_20150525_190000.wav
189,0.006297973,66.79395171,0.968490053,0.969583581,0.939032054,1927.620717,0.92617,7.63E-12,-0.469823128,0.681465,3,0.58795307,0.003703704,1,0.963786656,1,0.317461462,4610.099093,-1621.383115,CivilWar/015106_20150525_200000.wav
190,0.005117103,48.72145016,0.965116821,0.951796075,0.918594402,1781.693622,0.94048,7.14E-12,-0.513091341,0.417711,3,0.450596367,0.003703704,0.925402985,0.835071836,1,0.200827906,2813.85312,-556.9068399,CivilWar/015106_20150525_210000.wav
191,0.003148986,40.36332828,0.965221039,0.964522906,0.930977802,1738.57865,0.954545,7.24E-12,-0.982839107,0,1,0.363095343,0.003703704,0.9192596,0.778586892,1,0.128653859,2059.063451,-56.04302008,CivilWar/015106_20150525_220000.wav
192,0.17161976,40.19764131,0.979728328,0.967380135,0.947769723,1711.299423,0.94438,9.70E-12,-0.746131571,0.35813,2,0,0,0.063626933,0.00236174,0,0,163.894147,-16.18256233,CivilWar/015106_20150525_230000.wav
193,0.000393623,39.71973716,0.957868884,0.965521567,0.924843066,1725.043653,0.954545,6.65E-12,-0.929323504,0,1,0.101292558,0.003703704,0.78111546,0.308994292,0.935714286,0.092170812,878.5847129,-0.458447786,CivilWar/015106_20150526_000000.wav
194,0.000590435,39.02938944,0.956062848,0.968822576,0.926255271,1721.661789,0.954545,5.84E-12,-0.759068745,0,2,0,0.003703704,0.559375648,0.146034245,0.442857143,0.074528564,444.3358784,-40.42678262,CivilWar/015106_20150526_010000.wav
195,0.001377682,36.77393363,0.968473939,0.969369119,0.938808729,1693.793349,0.954545,7.81E-12,-0.882641661,0,3,0,0.003703704,0.423893529,0.078134226,0.135714286,0.075770378,328.5537267,-15.80789071,CivilWar/015106_20150526_020000.wav
196,0.099389884,37.95921623,0.980303098,0.969448658,0.950353523,1718.488529,0.923932,9.75E-12,-0.730955825,0.697014,2,0,0,0.054854741,0.000393623,0,0,141.8069139,26.66548498,CivilWar/015106_20150526_030000.wav
197,0.000787247,39.84025903,0.969278885,0.969177268,0.939403061,1688.773884,0.95353,7.94E-12,-0.850937365,0.056595,4,0,0.003703704,0.435321334,0.076756544,0.192857143,0.055039893,330.8135257,115.9968108,CivilWar/015106_20150526_040000.wav
198,0.000787247,40.65767765,0.956878958,0.966449018,0.92477473,1727.692833,0.954545,6.43E-12,-0.974146201,0,1,0.190079396,0.003703704,0.840865446,0.445187955,1,0.093851365,1230.265453,654.8602326,CivilWar/015106_20150526_050000.wav
199,0.137177721,79.65295079,0.95429883,0.96302679,0.919015339,2473.4784,0.845462,6.06E-12,0.819485878,1.455379,11,0.36394967,0.003703704,0.937584179,0.725447747,1,0.108431289,2394.386804,-619.021368,CivilWar/015106_20150526_060000.wav
200,0.087384373,47.78739973,0.980318037,0.962254826,0.943315762,1704.742779,0.939991,9.80E-12,-0.887126029,0.359435,5,0.01179537,0.003703704,0.221067184,0.165912222,0.057142857,0.026122449,437.3857281,128.7187718,CivilWar/015106_20150526_070000.wav
201,0.000787247,43.80399605,0.962475949,0.963349212,0.927200447,1698.925906,0.954545,7.27E-12,-0.972202643,0,2,0.218274081,0.003703704,0.836938476,0.530013777,1,0.096670832,1280.651602,-23.8198469,CivilWar/015106_20150526_080000.wav
202,0.000393623,42.52758348,0.970624125,0.963373055,0.935073128,1695.211874,0.954545,8.13E-12,-0.973424548,0,2,0.249538268,0.003703704,0.796900586,0.697697304,1,0.079240125,1256.375448,898.2044447,CivilWar/015106_20150526_090000.wav
203,0.00354261,46.24771565,0.974078204,0.964103105,0.939111821,1731.524673,0.953692,8.66E-12,-0.94105262,0.039364,8,0.107931166,0.003703704,0.524537928,0.388309388,1,0.063496543,695.6636111,-49.61720505,CivilWar/015106_20150526_100000.wav
204,0.002558551,36.62892775,0.963507869,0.964285844,0.929096999,1711.991703,0.954545,6.86E-12,-0.989207168,0,0,0.55078967,0.003703704,1,0.893524897,1,0.306156342,4203.007007,4525.173242,CivilWar/015106_20150526_110000.wav
205,0.029324936,56.40300388,0.958979639,0.953860761,0.914733047,1796.93912,0.946068,6.23E-12,-0.801707275,0.28073,9,0.642113931,0.003703704,1,0.940956505,1,0.319196977,6229.678763,2905.64451,CivilWar/015106_20150526_120000.wav
206,0.027947254,35.77695578,0.962867204,0.961027519,0.92534188,1783.948966,0.954545,6.60E-12,-0.989910421,0,0,0.721681593,0.003703704,1,0.968510136,1,0.487180935,7956.19876,1980.529753,CivilWar/015106_20150526_130000.wav
207,0.001377682,48.03586327,0.96689467,0.964590192,0.932657115,1832.734379,0.954545,7.61E-12,-0.981289586,0,4,0.450347179,0.003703704,1,0.871088368,1,0.188918438,2849.039603,-597.88962,CivilWar/015106_20150526_140000.wav
208,0.110608148,57.01851518,0.97991343,0.960223931,0.940936326,1836.099444,0.885252,9.71E-12,-0.723108316,1.168792,7,0.06944625,0.003703704,0.439618004,0.342452273,0.335714286,0.035570994,547.0487029,66.53989673,CivilWar/015106_20150526_150000.wav
209,0.015154497,56.98763259,0.965574187,0.956187745,0.923270204,1790.734108,0.943336,7.25E-12,-0.564385518,0.365254,4,0.3965608,0.003703704,0.939280384,0.846683724,1,0.135713224,2325.171231,600.2262735,CivilWar/015106_20150526_160000.wav
210,0.000393623,45.01219921,0.959631999,0.96201869,0.923183919,1730.768776,0.954545,6.52E-12,-0.985525917,0,1,0.419238269,0.003703704,0.976859519,0.811060815,1,0.154296599,2761.733984,-501.811463,CivilWar/015106_20150526_170000.wav
211,0.013973627,46.99690627,0.964080483,0.961886533,0.927336033,1925.192504,0.954545,6.94E-12,-0.987475222,0,1,0.654603844,0.003703704,1,0.971462311,1,0.425667447,6222.188045,-1849.678417,CivilWar/015106_20150526_180000.wav
212,0.001377682,46.64508953,0.94830048,0.964279632,0.914426838,1873.906582,0.954545,5.64E-12,-0.947125551,0,1,0.333049977,0.003703704,1,0.619956701,1,0.120284765,2392.474667,929.5159925,CivilWar/015106_20150526_190000.wav
213,0.093682346,39.77983734,0.972249459,0.959942585,0.93330366,1879.34933,0.954545,7.96E-12,-0.991325739,0,0,0.85660265,0.003703704,0.782843185,0.956307813,0.364285714,1,11839.4592,-4179.429286,CivilWar/015106_20150526_200000.wav
214,0.002952175,41.80214666,0.957462956,0.964276365,0.923258898,1792.238963,0.954545,6.26E-12,-0.991037284,0,0,0.522808511,0.003703704,1,0.830348357,1,0.249779323,4066.513312,-1870.119188,CivilWar/015106_20150526_210000.wav
215,0.000590435,44.84978018,0.972217118,0.962710354,0.935963485,1896.261382,0.954545,8.23E-12,-0.89617424,0,3,0.376818377,0.003703704,0.838871851,0.842550679,1,0.134038326,1947.129576,-530.9685992,CivilWar/015106_20150526_220000.wav
216,0.000590435,39.91009049,0.973811937,0.966316125,0.941010177,1723.841656,0.954545,8.47E-12,-0.848302662,0,3,0.004450166,0.003703704,0.437105712,0.205274552,0.442857143,0.055428279,467.9845542,-153.0750139,CivilWar/015106_20150526_230000.wav