,AcouOccupancyR,Bioac,Ht,Hf,ACI,AEI,M,NDSI,ADI,NPIC,ASA,BN,SNR,AA,CAE,ADAE,RMS,NA,wav
1,0.133241488,35.96537261,0.980717916,0.969436117,1655.889672,0.954545,9.85E-12,-0.958126343,0,0,0,0,0.06037671,0.007872466,0,0,270.7406514,-38.37233377,15116_PreEvent/015116_20150509_000000.wav
2,0.119267861,35.62238391,0.981113861,0.970643129,1659.116127,0.953049,9.95E-12,-0.937802801,0.050518,0,0,0,0,0,0,0,190.2500433,-25.6835728,15116_PreEvent/015116_20150509_010000.wav
3,0.075182051,34.71183276,0.98113486,0.971796365,1653.318329,0.953607,9.97E-12,-0.889494306,0.03234,1,0,0,0,0,0,0,136.8590351,-18.65971122,15116_PreEvent/015116_20150509_020000.wav
4,0.000393623,35.64038538,0.960203697,0.965314562,1733.672974,0.954545,6.64E-12,-0.987939546,0,0,0.302813126,0.003703704,0.971177015,0.646329463,1,0.115257599,1770.155082,212.4886219,15116_PreEvent/015116_20150509_030000.wav
5,0.001574493,35.20509241,0.955963023,0.968391097,1666.123719,0.954545,5.71E-12,-0.960024863,0,0,0.069701078,0.003703704,0.68768101,0.301121826,1,0.075499613,755.0177667,15.02689604,15116_PreEvent/015116_20150509_040000.wav
6,0.000196812,35.51644072,0.969441727,0.969796908,1671.009861,0.954545,7.85E-12,-0.918646425,0,0,0.001764564,0.003703704,0.517711597,0.192088172,0.457142857,0.081269841,495.8984103,-138.7333044,15116_PreEvent/015116_20150509_050000.wav
7,0.079315095,43.66916235,0.979344509,0.968770364,1729.866989,0.926682,9.67E-12,-0.633076807,0.560601,11,0,0.003703704,0.195569845,0.000984058,0.007142857,0.046439909,162.5590644,-11.73850264,15116_PreEvent/015116_20150509_060000.wav
8,0.03818146,73.41816325,0.9345454,0.962595903,1762.427366,0.827518,5.50E-12,0.80846875,1.569513,23,0.126608041,0.003703704,0.966774688,0.249950797,0.671428571,0.119311044,1443.545373,688.0024663,15116_PreEvent/015116_20150509_070000.wav
9,0.045069868,64.10503686,0.944635504,0.964900492,1800.849207,0.836004,5.06E-12,0.751030018,1.537009,21,0.306391195,0.003703704,0.999191181,0.540051171,1,0.137427732,2223.297045,-591.0920942,15116_PreEvent/015116_20150509_080000.wav
10,0.007282031,47.89805432,0.959458951,0.962862941,1740.207125,0.941124,6.68E-12,-0.365646868,0.394259,7,0.051176385,0.003703704,0.662599601,0.233221807,0.764285714,0.08853964,694.1669436,53.9184537,15116_PreEvent/015116_20150509_090000.wav
11,0.037591025,68.94750769,0.91883048,0.962871128,1742.975015,0.806828,4.68E-12,0.802450535,1.670379,26,0.11981186,0.003703704,0.946970214,0.20980122,0.528571429,0.117041123,1658.640133,191.0452559,15116_PreEvent/015116_20150509_100000.wav
12,0.080889589,56.66507556,0.931138543,0.956108068,1828.022695,0.780869,4.20E-12,0.799107316,1.720215,20,0.41277658,0.003703704,1,0.621924818,1,0.137916709,3773.314906,265.486082,15116_PreEvent/015116_20150509_110000.wav
13,0.012595946,51.59614667,0.966233666,0.966895613,1753.90332,0.932489,7.34E-12,-0.276722274,0.49243,10,0.314562223,0.003703704,0.797436207,0.711474119,1,0.111646631,1680.395736,1342.275722,15116_PreEvent/015116_20150509_120000.wav
14,0.002952175,41.04681628,0.96140104,0.963055991,1777.860476,0.954545,6.92E-12,-0.990670034,0,2,0.455313626,0.003703704,1,0.861641409,1,0.163657492,3132.808546,-1116.871473,15116_PreEvent/015116_20150509_130000.wav
15,0.04644755,74.75138712,0.942992941,0.967354398,1985.711396,0.884311,5.40E-12,0.822065851,1.164872,18,0.449474528,0.003703704,1,0.775831529,1,0.139103728,3957.058025,-579.6933442,15116_PreEvent/015116_20150509_140000.wav
16,0.001968117,40.71215448,0.961928062,0.966380076,1702.910858,0.954545,6.76E-12,-0.98372836,0,2,0.284868542,0.003703704,0.788185832,0.629994096,1,0.11269418,1580.8848,-1118.264527,15116_PreEvent/015116_20150509_150000.wav
17,0.065931903,68.34460347,0.944945064,0.949241832,1710.891962,0.812904,6.00E-12,0.791903929,1.63116,12,0.269538926,0.003703704,0.958755926,0.54949813,1,0.092879819,2067.166628,1284.680832,15116_PreEvent/015116_20150509_160000.wav
18,0.000196812,41.51538983,0.965244661,0.963650922,1754.624516,0.954545,7.35E-12,-0.985744196,0,2,0.391399646,0.003703704,0.971417946,0.823853572,1,0.138214016,2325.819933,-1504.005866,15116_PreEvent/015116_20150509_170000.wav
19,0.029324936,43.50637352,0.974501256,0.966916098,1691.581203,0.941474,8.77E-12,-0.657410262,0.345533,7,0,0.003703704,0.320393065,0.049202913,0.078571429,0.050661719,280.9825105,-98.68859283,15116_PreEvent/015116_20150509_180000.wav
20,0.025388703,44.73606791,0.974083355,0.963744678,1676.909343,0.941668,8.79E-12,-0.83915238,0.388411,7,0,0.003703704,0.486334773,0.080495965,0.178571429,0.048297506,361.8249066,-117.5150516,15116_PreEvent/015116_20150509_190000.wav
21,0.370596339,49.57670335,0.980043903,0.962700705,1710.596955,0.894418,9.79E-12,-0.66038861,0.956641,11,0,0.003703704,0.154316463,0.037591025,0,0,325.2455537,-39.11737284,15116_PreEvent/015116_20150509_200000.wav
22,0.120251919,49.82839666,0.977418169,0.962264685,1782.053848,0.925181,9.45E-12,-0.156387953,0.632641,6,0,0.003703704,0.348621925,0.024207833,0.057142857,0.139319728,318.0946047,-51.83792699,15116_PreEvent/015116_20150509_210000.wav
23,0.043101752,38.69542135,0.980649371,0.967979397,1703.367458,0.953439,9.85E-12,-0.958697522,0.065738,2,0,0.003703704,0.173088171,0.071049006,0,0,350.3355146,-16.99478158,15116_PreEvent/015116_20150509_220000.wav
24,0.081283212,37.78590745,0.980205083,0.966845193,1677.571498,0.954393,9.73E-12,-0.960854899,0.012423,2,0,0.003703704,0.184145493,0.027553631,0.007142857,0.023219955,300.7928737,115.9443315,15116_PreEvent/015116_20150509_230000.wav
25,0.074394804,36.43317877,0.980637116,0.968555285,1655.264263,0.951052,9.89E-12,-0.954320538,0.16421,1,0,0,0.063875308,0.000590435,0,0,225.1587204,-28.05041083,15116_PreEvent/015116_20150510_000000.wav
26,0.097618579,37.4115511,0.980839604,0.969925453,1677.633366,0.941843,9.88E-12,-0.917821349,0.387857,2,0,0,0,0,0,0,174.2079484,-22.40457876,15116_PreEvent/015116_20150510_010000.wav
27,0.128321197,35.22560152,0.980862999,0.971681897,1658.434504,0.952247,9.91E-12,-0.897245949,0.085907,2,0,0,0,0,0,0,133.6084384,-16.56614115,15116_PreEvent/015116_20150510_020000.wav
28,0.148592797,34.85372812,0.980608368,0.972092961,1655.877302,0.952273,9.79E-12,-0.863155154,0.061555,0,0,0,0,0,0,0,116.2818975,-13.64532825,15116_PreEvent/015116_20150510_030000.wav
29,0.140917142,34.68247076,0.980949357,0.972312881,1653.690027,0.947828,9.99E-12,-0.842488452,0.152613,0,0,0,0,0,0,0,104.5699343,-15.97776607,15116_PreEvent/015116_20150510_040000.wav
30,0.163944105,37.48719472,0.980772651,0.973528351,1706.312165,0.871483,9.80E-12,-0.808373201,1.097873,5,0,0,0,0,0,0,102.3577911,-10.69952262,15116_PreEvent/015116_20150510_050000.wav
31,0.540838418,51.21563408,0.976755944,0.965846987,1809.787043,0.76511,9.13E-12,0.365660531,1.912975,12,0,0,0,0,0,0,126.3404021,-15.11670537,15116_PreEvent/015116_20150510_060000.wav
32,0.112773076,53.60658953,0.973828023,0.965389844,1735.178698,0.890185,9.03E-12,0.217756153,1.046593,17,0,0.003703704,0.421454037,0.017516237,0.071428571,0.053405896,236.3516773,21.51424138,15116_PreEvent/015116_20150510_070000.wav
33,0.077543791,54.78956481,0.868707346,0.946599155,1937.576857,0.77778,2.42E-12,0.817251445,1.831916,16,0.201993694,0.003703704,1,0.100570754,0.171428571,0.394739229,2904.841162,877.0586328,15116_PreEvent/015116_20150510_080000.wav
34,0.098996261,45.35215086,0.873146006,0.940710121,1886.155537,0.785038,2.26E-12,0.829924521,1.791053,20,0.249012145,0.003703704,1,0.11080496,0.164285714,0.499733807,3263.231351,228.2055902,15116_PreEvent/015116_20150510_090000.wav
35,0.008266089,52.72709777,0.975000915,0.961938309,1768.326763,0.906794,9.30E-12,-0.096043476,0.794994,15,0,0.003703704,0.627614371,0.011021452,0.057142857,0.069659864,268.218173,130.0792283,15116_PreEvent/015116_20150510_100000.wav
36,0.036803779,50.53389269,0.977172561,0.960449784,1741.479256,0.906612,9.30E-12,-0.616562274,0.861195,7,0,0.003703704,0.497062514,0.122220035,0.178571429,0.053870295,427.6978106,279.2075951,15116_PreEvent/015116_20150510_110000.wav
37,0.028144066,63.80616458,0.941545345,0.947678329,1721.180087,0.81889,6.95E-12,0.786321791,1.620496,18,0.036954076,0.003703704,0.957347283,0.097815391,0.135714286,0.191870152,1083.913396,1196.49177,15116_PreEvent/015116_20150510_120000.wav
38,0.000393623,47.10846059,0.969279506,0.963791767,1735.585014,0.954365,7.96E-12,-0.955171198,0.014345,8,0.297707586,0.003703704,0.85375895,0.749458768,1,0.09481089,1545.784998,797.5788323,15116_PreEvent/015116_20150510_130000.wav
39,0.00118087,45.52696906,0.968626258,0.96459003,1721.346157,0.954545,7.72E-12,-0.985194217,0,2,0.394455841,0.003703704,0.915801056,0.865380831,1,0.128888207,2230.776851,1667.715204,15116_PreEvent/015116_20150510_140000.wav
40,0.004526668,50.5216991,0.963345793,0.961482705,1900.888538,0.954351,7.07E-12,-0.981000616,0.015315,3,0.594138723,0.003703704,1,0.890179099,1,0.381914819,4936.090703,-563.5705638,15116_PreEvent/015116_20150510_150000.wav
41,0.035032474,69.7919727,0.956715473,0.951770992,1879.658048,0.918609,5.92E-12,-0.5692958,0.750046,12,0.630246439,0.003703704,1,0.93682346,1,0.282544313,6181.16041,-991.8833592,15116_PreEvent/015116_20150510_160000.wav
42,0.008266089,48.58372662,0.961766057,0.95890803,1864.974693,0.954545,6.68E-12,-0.985971545,0,4,0.600097293,0.003703704,1,0.951977957,1,0.282259037,5273.923678,-826.2831352,15116_PreEvent/015116_20150510_170000.wav
43,0.02735682,71.64444746,0.96824802,0.958808779,1877.462231,0.919277,7.54E-12,-0.418404838,0.737001,19,0.550275864,0.003703704,0.989969228,0.946664043,1,0.270098783,3968.855306,-948.1145016,15116_PreEvent/015116_20150510_180000.wav
44,0.012595946,46.50022615,0.959865979,0.962699855,1834.669551,0.954545,6.38E-12,-0.991463329,0,1,0.631514727,0.003703704,1,0.949419406,1,0.307664399,6008.346371,-708.0151395,15116_PreEvent/015116_20150510_190000.wav
45,0.022042905,66.6528801,0.928183774,0.963013068,1764.967417,0.807902,4.38E-12,0.818232865,1.680242,25,0.156196838,0.003703704,0.953666556,0.265695729,0.857142857,0.135449735,1617.624704,-631.6938451,15116_PreEvent/015116_20150510_200000.wav
46,0.060027554,59.72097258,0.882465465,0.959905728,1786.44352,0.828554,3.48E-12,0.836745545,1.540482,26,0.055349428,0.003703704,1,0.066128715,0.092857143,0.523342055,1672.700385,277.8870714,15116_PreEvent/015116_20150510_210000.wav
47,0.248376304,37.26450301,0.98091955,0.969879605,1709.484806,0.926712,9.94E-12,-0.881921793,0.661889,3,0,0,0,0,0,0,153.8509143,-17.03764169,15116_PreEvent/015116_20150510_220000.wav
48,0.08935249,36.06697879,0.980058794,0.970676215,1691.889584,0.952249,9.75E-12,-0.883432279,0.118179,2,0,0,0,0,0,0,141.9991427,-17.2571042,15116_PreEvent/015116_20150510_230000.wav
49,0.283408778,51.22251822,0.977260864,0.961981086,1963.316986,0.954545,9.09E-12,-0.989526558,0,0,0.958101542,0.003703704,0.767066167,0.979925212,0.164285714,1,16280.69582,-4708.731949,15116_PreEvent/015116_20150511_000000.wav
50,0.009053336,39.43428875,0.964739487,0.961243549,1886.689062,0.954545,7.08E-12,-0.992915687,0,0,0.65220292,0.003703704,1,0.937413895,1,0.442095715,6046.923582,-3644.826255,15116_PreEvent/015116_20150511_010000.wav
51,0.001574493,35.16272828,0.962363495,0.970010938,1659.775604,0.954545,7.02E-12,-0.93239316,0,0,0,0.003703704,0.606633611,0.155678016,0.421428571,0.073595449,487.6821422,-38.02446412,15116_PreEvent/015116_20150511_020000.wav
52,0.092698288,34.62251238,0.981054928,0.972662017,1650.701568,0.952644,1.00E-11,-0.89504382,0.066284,0,0,0,0,0,0,0,131.8663731,-16.21577754,15116_PreEvent/015116_20150511_030000.wav
53,0.12281047,34.52391377,0.980880071,0.97220858,1650.260091,0.954302,9.95E-12,-0.883377288,0.01151,0,0,0,0,0,0,0,132.9123347,-17.47800205,15116_PreEvent/015116_20150511_040000.wav
54,0.170045267,34.41065708,0.980915614,0.971026322,1650.086679,0.954513,9.87E-12,-0.915487849,0.003179,1,0,0,0,0,0,0,147.5159266,-19.00307501,15116_PreEvent/015116_20150511_050000.wav
55,0.413698091,48.58057733,0.980670916,0.968395543,1768.604268,0.851213,9.91E-12,-0.747891829,1.37637,13,0,0,0.025229736,0.001377682,0,0,215.8642587,43.60048069,15116_PreEvent/015116_20150511_060000.wav
56,0.029915371,46.51268674,0.980517229,0.964523244,1693.644169,0.948128,9.83E-12,-0.943560275,0.198215,5,0.037086806,0.003703704,0.280973161,0.242471954,0.085714286,0.036764928,479.4338773,110.8681951,15116_PreEvent/015116_20150511_070000.wav
57,0.000984058,45.15059982,0.979256579,0.967097471,1724.488701,0.954223,9.60E-12,-0.968612042,0.01649,3,0.082794888,0.003703704,0.471586174,0.378075182,0.614285714,0.036719928,582.0661471,39.04335424,15116_PreEvent/015116_20150511_080000.wav
58,0.035229286,66.56450405,0.95213636,0.963490617,1738.124626,0.879736,7.04E-12,0.672751197,1.195156,22,0.220504509,0.003703704,1,0.530997835,1,0.085926249,1686.261681,-14.67937366,15116_PreEvent/015116_20150511_090000.wav
59,0.001574493,52.66545993,0.954468117,0.964619084,1700.366955,0.953828,6.82E-12,-0.865480567,0.035308,5,0.226720309,0.003703704,0.987708368,0.53158827,1,0.090578742,1575.787313,150.0837762,15116_PreEvent/015116_20150511_100000.wav
60,0.00472348,47.89295013,0.974741523,0.958162146,1703.791089,0.950439,8.84E-12,-0.703543488,0.150172,4,0.124218708,0.003703704,0.664858034,0.441251722,1,0.057990348,737.9364161,666.6132215,15116_PreEvent/015116_20150511_110000.wav
61,0.001771305,42.26753862,0.962472498,0.963988146,1739.70255,0.954545,6.82E-12,-0.989403064,0,0,0.420042156,0.003703704,1,0.838220823,1,0.14588751,2661.26296,-170.2753244,15116_PreEvent/015116_20150511_120000.wav
62,0.000984058,42.78836924,0.958343462,0.963660088,1766.267109,0.954545,6.28E-12,-0.988941474,0,1,0.422957768,0.003703704,1,0.78193269,1,0.168940859,2833.687683,-610.0857827,15116_PreEvent/015116_20150511_130000.wav
63,0.000984058,50.45552411,0.968666924,0.969997004,1851.642552,0.954545,7.83E-12,-0.982406947,0,3,0.527784982,0.003703704,1,0.95591419,1,0.230400422,3685.540713,-1842.991632,15116_PreEvent/015116_20150511_140000.wav
64,0.150560913,50.53984941,0.968199611,0.95703223,1932.961269,0.954545,7.22E-12,-0.989589469,0,0,0.872357078,0.003703704,1,0.992717969,0.742857143,1,13011.71865,-3392.962689,15116_PreEvent/015116_20150511_150000.wav
65,0.507577249,57.87892438,0.983382181,0.954111671,2149.844115,0.939116,1.07E-11,-0.949835015,0.381925,11,1,0.57801874,0.434181077,0.96299941,0.75,1,20259.16024,-2980.027215,15116_PreEvent/015116_20150511_160000.wav
66,0.181460342,66.44987418,0.975564849,0.9562033,2007.282015,0.928934,8.59E-12,-0.901409954,0.590959,9,0.89842475,0.366666667,0.79742605,0.985435938,1,0.456823091,13418.72743,-4977.656448,15116_PreEvent/015116_20150511_170000.wav
67,0.079118284,47.12584103,0.969671589,0.964386954,1870.924243,0.954545,7.64E-12,-0.990270084,0,0,0.820860948,0.003703704,1,0.994292462,0.721428571,1,10655.7023,-4504.747723,15116_PreEvent/015116_20150511_180000.wav
68,0.063963787,56.31883737,0.954643542,0.958355518,1904.196237,0.801778,6.12E-12,0.756343866,1.670156,12,0.48443509,0.003703704,1,0.8462901,1,0.194528875,3825.429142,-1709.308697,15116_PreEvent/015116_20150511_190000.wav
69,0.013973627,64.80711902,0.964953188,0.964226985,1876.526222,0.935328,7.24E-12,-0.196564232,0.466757,12,0.536745395,0.003703704,1,0.930525487,1,0.250188632,4037.403305,-1594.640483,15116_PreEvent/015116_20150511_200000.wav
70,0.003345798,48.10418026,0.963661627,0.962900689,1768.329601,0.953484,6.92E-12,-0.959129668,0.060433,4,0.481642094,0.003703704,1,0.87128518,1,0.202043761,3264.706178,-1295.518117,15116_PreEvent/015116_20150511_210000.wav
71,0.00118087,37.82729434,0.965655174,0.963521064,1799.20388,0.954545,7.40E-12,-0.992006828,0,0,0.499976137,0.003703704,1,0.884668372,1,0.228516812,3410.368094,-1760.130332,15116_PreEvent/015116_20150511_220000.wav
72,0.200747884,48.88908982,0.972802801,0.96377299,1909.446123,0.954545,8.15E-12,-0.989789342,0,0,0.910184202,0.003703704,1,0.99527652,0.4,1,14299.44289,-4955.031716,15116_PreEvent/015116_20150511_230000.wav
73,0.007282031,37.7083619,0.970421605,0.965052791,1822.13214,0.954545,7.90E-12,-0.992619243,0,0,0.528639042,0.003703704,0.937204619,0.93446172,1,0.26419295,3551.160431,-2482.088107,15116_PreEvent/015116_20150512_000000.wav
74,0.004329856,38.62626581,0.961600767,0.963067213,1818.66617,0.954545,6.79E-12,-0.991468523,0,0,0.570150522,0.003703704,1,0.839401693,1,0.418295705,4527.391213,-3055.940658,15116_PreEvent/015116_20150512_010000.wav
75,0.003739421,38.39873248,0.957776159,0.965095587,1815.929497,0.954545,6.04E-12,-0.992419429,0,0,0.54866326,0.003703704,1,0.859279669,1,0.285473698,4482.909454,-3312.503354,15116_PreEvent/015116_20150512_020000.wav
76,0.002755363,34.10770118,0.968470571,0.967953731,1689.11326,0.954545,7.53E-12,-0.980389142,0,0,0.237206361,0.003703704,0.749194132,0.610312931,1,0.103570531,1208.52542,-812.3520589,15116_PreEvent/015116_20150512_030000.wav
77,0.000590435,33.18446487,0.975054436,0.970280396,1657.268017,0.954545,8.82E-12,-0.935981971,0,0,0,0.003703704,0.440833343,0.169651643,0.271428571,0.050717269,430.6473035,-256.1091392,15116_PreEvent/015116_20150512_040000.wav
78,0.003739421,35.47190991,0.972944015,0.968253925,1686.878114,0.954545,8.42E-12,-0.978746088,0,0,0.217524998,0.003703704,0.611365997,0.632552647,1,0.080026998,1061.451631,-588.7364417,15116_PreEvent/015116_20150512_050000.wav
79,0.003739421,46.64564912,0.968698432,0.963764451,1827.007449,0.954526,7.57E-12,-0.986584261,0.002041,4,0.486458527,0.003703704,0.889152665,0.903562291,1,0.230626379,3075.293793,-1683.499197,15116_PreEvent/015116_20150512_060000.wav
80,0.002164928,41.59941373,0.96597664,0.963986634,1689.394692,0.954545,7.25E-12,-0.978780688,0,4,0.271294772,0.003703704,0.778275079,0.630978154,1,0.111537495,1435.626775,-830.7837304,15116_PreEvent/015116_20150512_070000.wav
81,0.001771305,40.16195431,0.967464966,0.962725282,1746.234681,0.954545,7.51E-12,-0.990150899,0,1,0.445849737,0.003703704,0.8783195,0.87364692,1,0.16817954,2691.407883,-1613.401856,15116_PreEvent/015116_20150512_080000.wav
82,0.070655383,62.25948358,0.971913468,0.956059233,1907.930543,0.899622,8.05E-12,-0.463479474,0.988301,12,0.784089762,0.003703704,0.772255387,0.939972446,0.435714286,1,9126.251237,-4502.835612,15116_PreEvent/015116_20150512_090000.wav
83,0.090336548,75.04660252,0.96582152,0.955794703,1863.95688,0.888733,7.27E-12,-0.102730811,1.141363,12,0.668836636,0.003703704,1,0.956898248,1,0.557154741,6392.085218,-2537.21615,15116_PreEvent/015116_20150512_100000.wav
84,0.232631372,47.82012119,0.978674655,0.962849689,1911.013882,0.954545,9.26E-12,-0.989770238,0,0,0.947147597,0.003703704,0.760223249,0.987600866,0.1,1,15527.44553,-6528.18496,15116_PreEvent/015116_20150512_110000.wav
85,0.071049006,44.05649576,0.973554404,0.962824145,1917.913883,0.954545,8.35E-12,-0.990872341,0,0,0.835802572,0.003703704,1,0.997441449,0.271428571,1,10822.02395,-6307.992331,15116_PreEvent/015116_20150512_120000.wav
86,0.099193072,46.83430237,0.975232597,0.96500107,1928.783225,0.954545,8.64E-12,-0.990066365,0,1,0.870308785,0.003703704,0.781021501,0.976973037,0.185714286,1,12114.36069,-6157.677237,15116_PreEvent/015116_20150512_130000.wav
87,0.2550679,46.71900852,0.976742919,0.96414488,1903.305849,0.954545,9.00E-12,-0.989907827,0,0,0.946001075,0.003703704,1,0.99763826,0.221428571,1,15750.19001,-6948.865368,15116_PreEvent/015116_20150512_140000.wav
88,0.004329856,42.99457516,0.955231847,0.963452435,1759.099912,0.954545,5.57E-12,-0.990254278,0,1,0.487113436,0.003703704,1,0.798858492,1,0.218327885,3623.82042,-2508.65767,15116_PreEvent/015116_20150512_150000.wav
89,0.039755954,65.66062699,0.968333985,0.957317753,1862.222144,0.934819,7.57E-12,-0.8227249,0.49232,12,0.740740416,0.003703704,1,0.97500492,0.928571429,0.835918367,8064.089941,-5107.324359,15116_PreEvent/015116_20150512_160000.wav
90,0.094863216,70.17457406,0.96890568,0.955303169,2012.812719,0.917632,7.57E-12,-0.805132145,0.745752,12,0.794272429,0.003703704,1,0.988584924,0.814285714,0.985422286,9776.33094,-5075.762192,15116_PreEvent/015116_20150512_170000.wav
91,0.031489864,71.16912639,0.961509266,0.95774611,2013.505701,0.891126,6.64E-12,-0.281033481,1.089296,14,0.614085333,0.003703704,1,0.919700846,1,0.370787937,5477.968954,-2862.568515,15116_PreEvent/015116_20150512_180000.wav
92,0.001968117,39.8122088,0.962678227,0.962792711,1764.584797,0.954545,6.97E-12,-0.990350987,0,1,0.467143716,0.003703704,0.960547005,0.832710096,1,0.214948563,3132.663789,-2177.444094,15116_PreEvent/015116_20150512_190000.wav
93,0.000196812,42.60089876,0.957899233,0.964670857,1686.967421,0.954474,6.47E-12,-0.934608531,0.006414,5,0.176333267,0.003703704,0.803004247,0.422948239,1,0.109867049,1135.02872,-799.6957951,15116_PreEvent/015116_20150512_200000.wav
94,0.085219445,57.65195157,0.936450224,0.956077957,1881.764962,0.789794,4.19E-12,0.82852641,1.764614,20,0.34820304,0.003703704,1,0.539460736,1,0.175849866,2766.426953,-562.5351005,15116_PreEvent/015116_20150512_210000.wav
95,0.160598307,34.26717887,0.980705428,0.968553991,1648.18557,0.950694,9.91E-12,-0.892752696,0.175403,1,0,0,0,0,0,0,150.2641838,-20.69363744,15116_PreEvent/015116_20150512_220000.wav
96,0.047431608,33.29968137,0.979168103,0.967973866,1647.221953,0.952254,9.53E-12,-0.928787725,0.117668,0,0,0,0.002237033,0.000196812,0,0,180.4337905,-24.76338189,15116_PreEvent/015116_20150512_230000.wav
97,0.002164928,32.28204135,0.980340302,0.971862453,1655.571816,0.950491,9.87E-12,-0.832289107,0.144437,1,0,0,0.018384487,0.000393623,0,0,134.147834,-20.17039729,15116_PreEvent/015116_20150513_000000.wav
98,0.051564653,32.74293803,0.980963057,0.973586276,1671.064479,0.939634,9.92E-12,-0.807552479,0.335156,4,0,0,0,0,0,0,129.0658981,-20.27825434,15116_PreEvent/015116_20150513_010000.wav
99,0.164140917,34.10042224,0.980591739,0.973135591,1674.32157,0.920618,9.85E-12,-0.715856836,0.708336,2,0,0,0,0,0,0,106.4812505,-14.982208,15116_PreEvent/015116_20150513_020000.wav
100,0.011611887,31.9071492,0.980715408,0.973746957,1655.222631,0.947379,9.79E-12,-0.778950898,0.216702,1,0,0,0,0,0,0,120.4839602,-22.43344966,15116_PreEvent/015116_20150513_030000.wav
101,0.065341468,32.61345516,0.980988392,0.971402462,1656.643868,0.951629,9.87E-12,-0.887916909,0.119197,1,0,0,0,0,0,0,153.0657385,-23.05716761,15116_PreEvent/015116_20150513_040000.wav
102,0.054123204,32.60325461,0.980842661,0.968508567,1645.50222,0.953517,9.91E-12,-0.936374517,0.061954,0,0,0,0.016389071,0.000787247,0,0,215.0751848,-31.22441018,15116_PreEvent/015116_20150513_050000.wav
103,0.288329069,46.86051603,0.980815697,0.963553815,1843.933176,0.90698,9.91E-12,-0.822554872,0.939756,7,0,0.003703704,0.136946118,0.097815391,0,0,390.3786755,-56.61066139,15116_PreEvent/015116_20150513_060000.wav
104,0.468805353,46.41957329,0.980706664,0.962106024,1733.470806,0.92375,9.87E-12,-0.898835717,0.701291,6,0.041785259,0.003703704,0.208810648,0.249950797,0.057142857,0.023219955,486.4761253,-67.03298297,15116_PreEvent/015116_20150513_070000.wav
105,0.114347569,46.29855782,0.980269583,0.963413581,1702.350482,0.943708,9.77E-12,-0.952951781,0.320897,5,0.089219194,0.003703704,0.280811081,0.410155481,0.835714286,0.028776867,587.2940422,-92.15219172,15116_PreEvent/015116_20150513_080000.wav
106,0.00354261,41.11586852,0.968279271,0.963836553,1694.835347,0.954545,7.63E-12,-0.980528875,0,1,0.276456862,0.003703704,0.754923394,0.689628026,1,0.098670614,1418.722725,-95.21649268,15116_PreEvent/015116_20150513_090000.wav
107,0.002755363,41.3380732,0.963588124,0.965728076,1709.32711,0.954545,7.14E-12,-0.980580219,0,2,0.257735853,0.003703704,0.822378288,0.608344814,1,0.101423659,1432.306421,-194.2474894,15116_PreEvent/015116_20150513_100000.wav
108,0.000393623,43.56512979,0.965077194,0.964652498,1713.927623,0.954082,7.20E-12,-0.955086256,0.031096,7,0.130566714,0.003703704,0.667376338,0.380043299,1,0.074876682,857.1347839,-113.4180187,15116_PreEvent/015116_20150513_110000.wav
109,0.00118087,39.45590165,0.96386641,0.965131445,1678.83304,0.954063,7.16E-12,-0.960991397,0.033087,2,0.128726611,0.003703704,0.644996481,0.34560126,1,0.086736973,867.8796261,-133.7455433,15116_PreEvent/015116_20150513_120000.wav
110,0.000590435,41.46107376,0.948095869,0.962598667,1685.499758,0.954057,5.39E-12,-0.90191261,0.033468,2,0.15910303,0.003703704,0.830785415,0.305451683,0.971428571,0.142051487,1191.745378,-680.0697213,15116_PreEvent/015116_20150513_130000.wav
111,0.059240307,70.16576126,0.928797505,0.961772488,1785.312299,0.813825,4.84E-12,0.818863568,1.658536,26,0.151025501,0.003703704,0.980028945,0.231056879,0.642857143,0.14860771,1582.332331,3.092987381,15116_PreEvent/015116_20150513_140000.wav
112,0.020074788,69.14176805,0.946446186,0.963927332,1678.064527,0.837433,5.65E-12,0.755075098,1.500077,22,0.179727843,0.003703704,0.934791903,0.344026766,1,0.136049312,1397.720349,89.19056638,15116_PreEvent/015116_20150513_150000.wav
113,0.000393623,39.75271317,0.968937515,0.965657514,1715.331824,0.954503,7.85E-12,-0.940104017,0.004072,2,0.028146978,0.003703704,0.571077188,0.224562094,0.771428571,0.061704879,555.6916839,-253.2965892,15116_PreEvent/015116_20150513_160000.wav
114,0.011808699,73.06835911,0.964098871,0.961441784,2092.774593,0.892891,7.17E-12,0.148198358,1.097594,14,0.350023317,0.003703704,0.923977033,0.7652037,1,0.112191003,1993.587559,-112.1230979,15116_PreEvent/015116_20150513_170000.wav
115,0.000196812,39.79567852,0.965591608,0.964807247,1710.654722,0.954545,7.20E-12,-0.971361963,0,2,0.180322694,0.003703704,0.774994574,0.49222594,1,0.081774623,1032.35797,-212.450573,15116_PreEvent/015116_20150513_180000.wav
116,0.023026963,45.36566976,0.870181625,0.949841109,1705.837844,0.778304,3.95E-12,0.824619318,1.787167,18,0.059410331,0.003703704,1,0.048218855,0.078571429,0.369408369,2202.561453,-1316.620186,15116_PreEvent/015116_20150513_190000.wav
117,0.000590435,39.12786123,0.974146422,0.968179016,1660.624466,0.952815,8.69E-12,-0.89428455,0.071057,4,0,0.003703704,0.497311977,0.117299744,0.2,0.047269193,376.9585986,325.389569,15116_PreEvent/015116_20150513_200000.wav
118,0.02617595,63.85996711,0.897264786,0.959216892,1845.517019,0.795782,4.97E-12,0.810431128,1.706871,25,0.038561987,0.003703704,0.889623436,0.036606967,0.071428571,0.357587302,1629.218938,-720.197931,15116_PreEvent/015116_20150513_210000.wav
119,0.22889195,34.32858693,0.980295329,0.967863839,1647.658879,0.945817,9.73E-12,-0.858041979,0.316221,1,0,0,0,0,0,0,127.9767445,-16.51769408,15116_PreEvent/015116_20150513_220000.wav
120,0.182838024,33.44944644,0.980126358,0.970423342,1650.807823,0.952729,9.78E-12,-0.838000555,0.097957,1,0,0,0,0,0,0,115.6341254,-5.248691733,15116_PreEvent/015116_20150513_230000.wav
121,0.115331628,34.82403032,0.980851341,0.97043747,1664.236093,0.948935,9.93E-12,-0.894126604,0.188524,2,0,0,0,0,0,0,152.7081905,-8.947042691,15116_PreEvent/015116_20150514_000000.wav
122,0.002952175,35.70468066,0.968625885,0.969329145,1665.909487,0.954545,7.75E-12,-0.94129119,0,1,0,0.003703704,0.438152196,0.165518599,0.6,0.056944174,462.6950768,102.4287965,15116_PreEvent/015116_20150514_010000.wav
123,0.003936233,35.57319561,0.979793385,0.969541712,1664.29199,0.953533,9.68E-12,-0.954930427,0.045074,1,0,0.003703704,0.196718584,0.013776816,0.007142857,0.023219955,265.6240416,10.87631274,15116_PreEvent/015116_20150514_020000.wav
124,0.002558551,36.1585602,0.971981776,0.966463192,1662.064156,0.954545,8.30E-12,-0.970289593,0,1,0.091032254,0.003703704,0.535544978,0.355835465,1,0.053890162,671.9662662,1118.332425,15116_PreEvent/015116_20150514_030000.wav
125,0.000984058,35.8731038,0.969715682,0.965922848,1662.966454,0.954545,7.96E-12,-0.974638631,0,1,0.130604134,0.003703704,0.66162706,0.422751427,1,0.064719448,807.0516647,338.6842288,15116_PreEvent/015116_20150514_040000.wav
126,0.001377682,35.04089007,0.969739892,0.963776327,1661.783758,0.954545,8.23E-12,-0.976483724,0,1,0.083608435,0.003703704,0.619973709,0.297185593,1,0.066011014,691.4274803,810.5901994,15116_PreEvent/015116_20150514_050000.wav
127,0.090730171,48.96329499,0.978933976,0.96413887,1842.356888,0.92553,9.58E-12,-0.842851525,0.65772,8,0,0.003703704,0.29688429,0.103129305,0.142857143,0.042956916,405.9048574,-41.79010251,15116_PreEvent/015116_20150514_060000.wav
128,0.012595946,82.01491137,0.944925536,0.981080548,1807.128765,0.885857,7.53E-12,0.763758,0.944201,31,0.134139287,0.003703704,1,0.325526471,0.178571429,0.125387755,1605.947898,-886.6190953,15116_PreEvent/015116_20150514_070000.wav
129,0.001574493,53.75857633,0.969699973,0.972008471,1821.347166,0.868674,8.66E-12,0.449528382,0.814003,27,0.138302761,0.003703704,0.990907203,0.481991734,1,0.044788281,1027.227005,37.80497828,15116_PreEvent/015116_20150514_080000.wav
130,0.00354261,43.52510803,0.970552552,0.965655017,1706.413226,0.954491,8.07E-12,-0.97829121,0.005043,1,0.254859067,0.003703704,0.751575765,0.687856721,1,0.077450437,1278.094755,692.9552423,15116_PreEvent/015116_20150514_090000.wav
131,0.001377682,40.57228551,0.964966308,0.96610105,1681.755376,0.954545,7.37E-12,-0.983497584,0,1,0.273598006,0.003703704,0.802155396,0.670537296,1,0.091845266,1500.92483,1566.665203,15116_PreEvent/015116_20150514_100000.wav
132,0.000590435,43.88761895,0.963640694,0.966920163,1694.467009,0.954545,6.99E-12,-0.983160279,0,4,0.330605856,0.003703704,0.903369897,0.724463688,1,0.106340662,1875.938609,1248.252169,15116_PreEvent/015116_20150514_110000.wav
133,0.000590435,42.91386333,0.963901173,0.965605228,1688.796363,0.954545,7.24E-12,-0.975576163,0,5,0.212119455,0.003703704,0.813130236,0.512891163,1,0.08605042,1213.718259,557.0749952,15116_PreEvent/015116_20150514_120000.wav
134,0.000787247,41.21162566,0.969970301,0.966271743,1706.725976,0.954545,7.95E-12,-0.984082185,0,1,0.334296701,0.003703704,0.869972521,0.801613856,1,0.10565511,1739.266078,1018.766011,15116_PreEvent/015116_20150514_130000.wav
135,0.00236174,40.57985661,0.971205642,0.965909202,1698.603453,0.954518,8.26E-12,-0.978997062,0.002759,2,0.195197168,0.003703704,0.705502026,0.581578429,1,0.071456646,1014.796109,461.7906327,15116_PreEvent/015116_20150514_140000.wav
136,0.006101161,45.48561119,0.973537035,0.964443738,1783.047423,0.953775,8.74E-12,-0.903859094,0.038789,5,0,0.003703704,0.504020963,0.146034245,0.414285714,0.055647822,469.4929209,151.9351217,15116_PreEvent/015116_20150514_150000.wav
137,0.011415076,46.37368481,0.969348001,0.962773628,1693.021672,0.94488,7.90E-12,-0.846827477,0.28282,6,0.132236838,0.003703704,0.643522633,0.404447943,1,0.075209999,815.7607205,450.4278551,15116_PreEvent/015116_20150514_160000.wav
138,0.000196812,39.70414065,0.973044438,0.966852907,1687.637377,0.954545,8.75E-12,-0.964278578,0,2,0.015509802,0.003703704,0.610550035,0.166109034,0.421428571,0.064937161,513.6952845,151.4759237,15116_PreEvent/015116_20150514_170000.wav
139,0.000393623,42.50612557,0.96395312,0.965486493,1698.815294,0.954507,7.58E-12,-0.951234477,0.003736,6,0.071458543,0.003703704,0.664600398,0.245620941,0.714285714,0.089396825,728.2599207,614.3173909,15116_PreEvent/015116_20150514_180000.wav
140,0.002755363,39.27332456,0.970613008,0.967605884,1687.992162,0.954545,8.15E-12,-0.941856074,0,2,0.003908921,0.003703704,0.489952372,0.185396575,0.535714286,0.058514286,495.6855641,399.2138887,15116_PreEvent/015116_20150514_190000.wav
141,0.066325526,45.45110551,0.980337036,0.96674418,1685.380833,0.924877,9.79E-12,-0.854108656,0.572952,11,0,0.003703704,0.174322759,0.005313915,0,0,260.7427106,62.11669175,15116_PreEvent/015116_20150514_200000.wav
142,0.510332612,46.76484024,0.980499659,0.966186527,1775.044913,0.890228,9.82E-12,-0.692733831,1.143873,7,0,0,0,0,0,0,209.2454454,-26.96435609,15116_PreEvent/015116_20150514_210000.wav
143,0.36351112,42.18362981,0.980656331,0.966516909,1881.779159,0.912037,9.84E-12,-0.739883914,0.817908,7,0,0,0.019510385,0.000393623,0,0,224.9179489,-27.10137553,15116_PreEvent/015116_20150514_220000.wav
144,0.112969888,36.33727302,0.980691028,0.96563383,1648.959547,0.947939,9.86E-12,-0.918407236,0.260484,2,0,0,0.004583356,0.000393623,0,0,209.2085881,-18.67439801,15116_PreEvent/015116_20150514_230000.wav
145,0.23361543,36.37246376,0.980735672,0.967839209,1655.158252,0.954076,9.92E-12,-0.950096495,0.027375,1,0,0,0,0,0,0,218.2947344,-29.2334691,15116_PreEvent/015116_20150515_000000.wav
146,0.144459752,36.52047767,0.980818544,0.969289259,1661.075478,0.951175,9.88E-12,-0.917962375,0.123725,1,0,0,0,0,0,0,175.7115263,-23.9986799,15116_PreEvent/015116_20150515_010000.wav
147,0.002952175,36.37967083,0.968817239,0.968182531,1667.435884,0.954545,7.59E-12,-0.974158132,0,1,0.12464178,0.003703704,0.547066678,0.428655776,1,0.061602193,780.7723641,840.2487892,15116_PreEvent/015116_20150515_020000.wav
148,0.124778587,35.54921759,0.980796369,0.970877153,1669.992827,0.954129,9.84E-12,-0.904093174,0.018673,1,0,0,0,0,0,0,155.578507,-19.97062051,15116_PreEvent/015116_20150515_030000.wav
149,0.039559142,35.99532883,0.980820115,0.970599835,1667.520947,0.949787,9.91E-12,-0.895109238,0.165536,1,0,0,0,0,0,0,160.4509028,-23.55975282,15116_PreEvent/015116_20150515_040000.wav
150,0.006691596,38.20914936,0.979090956,0.96967145,1719.875785,0.953538,9.53E-12,-0.915972046,0.042062,0,0,0.003703704,0.129072282,0.010431018,0,0,228.4404621,175.9596455,15116_PreEvent/015116_20150515_050000.wav
151,0.004133045,45.24259899,0.969485872,0.967475135,1719.673592,0.954492,7.99E-12,-0.955500853,0.004995,6,0.142349014,0.003703704,0.611584812,0.425113167,1,0.073787856,850.3820474,-118.8885401,15116_PreEvent/015116_20150515_060000.wav
152,0.031686676,43.6949034,0.980250991,0.965577059,1694.474189,0.953123,9.81E-12,-0.963627609,0.05429,7,0.069425004,0.003703704,0.305038826,0.345010825,0.478571429,0.027378752,546.0529184,22.37206118,15116_PreEvent/015116_20150515_070000.wav
153,0.206849045,45.02648477,0.980598409,0.964109077,1688.754273,0.946878,9.82E-12,-0.966316782,0.200296,5,0.065739117,0.003703704,0.241672078,0.341861838,0.328571429,0.023219955,533.3143097,-59.05116479,15116_PreEvent/015116_20150515_080000.wav
154,0.187364692,43.35236978,0.980819921,0.965854154,1692.997467,0.95064,9.90E-12,-0.970828581,0.146778,4,0.055005211,0.003703704,0.238067604,0.304467624,0.185714286,0.02411303,510.6053636,-60.0313418,15116_PreEvent/015116_20150515_090000.wav
155,0.000984058,41.32826994,0.96864731,0.965642946,1679.347921,0.954545,7.96E-12,-0.981784481,0,1,0.219699534,0.003703704,0.765702808,0.61621728,1,0.068562858,1176.843289,541.971052,15116_PreEvent/015116_20150515_100000.wav
156,0.011218264,48.19971406,0.959224407,0.961201584,1785.563395,0.954545,6.39E-12,-0.989693953,0,4,0.602768254,0.003703704,1,0.952568392,1,0.259203969,5489.250184,968.3681772,15116_PreEvent/015116_20150515_110000.wav
157,0.029718559,45.82573473,0.965420159,0.96188063,1945.578392,0.954545,7.01E-12,-0.991089956,0,0,0.733995635,0.003703704,1,0.978153907,1,0.652536677,8135.748378,-2381.109567,15116_PreEvent/015116_20150515_120000.wav
158,0.060224365,63.77783425,0.968919024,0.955275333,2243.773776,0.914895,7.65E-12,-0.548498915,0.842328,12,0.743327508,0.003703704,1,0.992717969,1,0.769121238,8126.663544,-1071.621207,15116_PreEvent/015116_20150515_130000.wav
159,0.024011021,78.14123529,0.963455318,0.963322515,1963.400066,0.900544,6.92E-12,0.088465806,0.962751,14,0.457899338,0.003703704,1,0.863609526,1,0.167594367,3022.411107,590.4291536,15116_PreEvent/015116_20150515_140000.wav
160,0.001574493,41.63765834,0.957188159,0.964648199,1749.132386,0.954545,6.14E-12,-0.990681511,0,1,0.447752368,0.003703704,1,0.762054714,1,0.197915966,3095.44196,-1603.574749,15116_PreEvent/015116_20150515_150000.wav
161,0.001377682,41.15159056,0.958356412,0.966131949,1763.574396,0.954545,6.31E-12,-0.988163049,0,0,0.365922261,0.003703704,0.925069194,0.712064554,1,0.136542787,2268.909952,512.9019139,15116_PreEvent/015116_20150515_160000.wav
162,0.005313915,53.65139869,0.960310532,0.957758134,1870.639383,0.951883,6.45E-12,-0.974624683,0.107563,11,0.563895155,0.003703704,1,0.920488093,1,0.237659374,4633.227924,-2001.521508,15116_PreEvent/015116_20150515_170000.wav
163,0.008462901,43.78604453,0.960297903,0.963663566,1870.561662,0.954545,6.59E-12,-0.991969048,0,1,0.590668438,0.003703704,1,0.927179689,1,0.285540743,5131.091349,-764.8670637,15116_PreEvent/015116_20150515_180000.wav
164,0.000393623,43.70983242,0.95854824,0.96568138,1767.484777,0.95444,6.12E-12,-0.952600238,0.009031,4,0.209280159,0.003703704,0.839768942,0.475890573,1,0.105693794,1233.570256,340.1456122,15116_PreEvent/015116_20150515_190000.wav
165,0.000196812,42.39123809,0.958141433,0.965403385,1773.379303,0.954545,6.11E-12,-0.958681937,0,4,0.208690175,0.003703704,0.823940941,0.479039559,1,0.10016608,1247.82691,-744.4502143,15116_PreEvent/015116_20150515_200000.wav
166,0.001377682,42.93647235,0.976808884,0.965596057,1741.093233,0.94277,9.20E-12,-0.85622987,0.394674,5,0,0.003703704,0.478983239,0.075772486,0.121428571,0.046439909,370.9773966,-117.6076609,15116_PreEvent/015116_20150515_210000.wav
167,0.036016532,57.04395066,0.968958498,0.969053618,1990.059035,0.954545,7.53E-12,-0.964305956,0,1,0.752172076,0.003703704,0.782556062,0.919700846,0.9,0.903366807,8407.689115,-1993.390578,15116_PreEvent/015116_20150515_220000.wav
168,0.164337729,43.68468578,0.980480794,0.967765862,1817.053911,0.910285,9.83E-12,-0.566881741,0.920574,7,0,0,0.023058865,0.000590435,0,0,201.5555609,-27.77693208,15116_PreEvent/015116_20150515_230000.wav